#{"t_start": 1705868920.521753, "env_id": "BipedalWalker-v3"}
r,l,t
-92.004205,124,0.301231
-92.138213,114,0.398509
-91.608542,111,0.487111
-91.674112,114,0.578056
-92.111454,108,0.672483
-91.78717,112,0.759668
-91.193839,118,0.85456
-91.993542,121,0.950241
-91.966294,110,1.040973
-96.47509,119,1.13622
-91.765122,108,1.223632
-91.351786,114,1.310558
-92.057274,114,1.398903
-92.08913,118,1.492524
-91.619817,151,1.610591
-91.815863,110,1.700415
-91.853864,109,1.788402
-91.876767,120,1.882272
-92.066885,113,1.968894
-91.976208,115,2.058409
-92.247805,117,2.149175
-91.392262,122,2.243577
-92.064921,116,2.344095
-92.011698,123,2.442517
-91.915376,115,2.537451
-92.194999,129,2.639697
-92.027946,115,2.731213
-99.623583,111,2.817459
-92.093947,122,2.912094
-92.094925,127,3.008469
-91.844568,116,3.13085
-91.982281,113,3.218095
-100.192978,103,3.301813
-92.144441,114,3.39379
-91.698135,117,3.485843
-92.120996,116,3.576529
-91.937917,123,3.690203
-92.064603,116,3.783318
-91.94427,119,3.878622
-92.17579,119,3.974129
-91.549372,116,4.063647
-91.817195,113,4.154104
-91.920316,119,4.251631
-91.997638,112,4.343124
-91.625203,117,4.447715
-91.797645,113,4.542396
-92.048102,116,4.634149
-91.458013,114,4.722561
-91.407761,109,4.812211
-91.801838,113,4.902332
-91.993402,102,4.98384
-92.022608,113,5.07083
-91.883607,104,5.152727
-91.921546,119,5.247251
-91.546093,119,5.342148
-91.586374,115,5.43339
-99.123496,130,5.533568
-92.13487,131,5.635907
-91.541461,111,5.721426
-91.934582,114,5.810869
-91.797954,112,5.89733
-91.737474,122,5.993901
-92.029901,121,6.090224
-92.023517,122,6.187316
-92.174847,113,6.277556
-92.046844,117,6.372666
-99.852616,166,6.495888
-91.934462,112,6.585761
-91.452394,143,6.693757
-91.905965,126,6.793575
-92.320808,137,6.903071
-92.034365,116,6.99438
-91.57897,119,7.088279
-91.895131,112,7.176431
-92.005696,153,7.297321
-100.086522,110,7.382526
-91.611389,114,7.498529
-92.113059,109,7.591355
-91.489541,113,7.68939
-92.100642,114,7.786482
-91.946372,140,7.898193
-91.898935,115,7.988268
-91.989468,113,8.080779
-91.941184,114,8.175752
-91.420118,115,9.713858
-91.878753,105,10.187038
-91.583185,115,10.316303
-91.562128,113,10.431417
-92.042191,119,10.540333
-91.662533,117,10.639382
-91.570699,112,10.728474
-92.061873,111,10.818214
-91.498141,114,10.909209
-92.128296,122,11.0063
-91.55366,127,11.106042
-100.072529,106,11.187552
-92.038208,112,11.276604
-91.86013,123,11.376307
-92.076799,115,11.470381
-92.122286,117,11.57136
-91.804758,113,11.667548
-91.945321,120,11.770826
-92.026348,123,11.873747
-92.103132,117,11.970282
-91.918238,121,12.067665
-99.149692,122,12.167103
-92.203402,114,12.25539
-91.91836,120,12.359345
-91.940255,127,12.468922
-91.818499,125,12.575196
-91.539094,106,12.667959
-91.957684,122,12.769511
-92.11611,121,12.873514
-91.970822,119,12.974244
-99.610748,120,13.073341
-99.587305,122,13.175952
-99.760135,123,13.274817
-91.860348,116,13.519026
-92.044812,115,13.626292
-92.091467,113,13.725032
-91.705905,109,13.823021
-91.405148,119,13.918357
-99.910248,160,14.041454
-91.634373,119,14.133733
-92.347238,167,14.268075
-91.743073,154,14.389461
-91.608115,115,14.484124
-92.107694,118,14.581064
-91.654525,109,14.715499
-91.566918,114,14.808862
-91.576732,106,14.893426
-91.455766,115,14.984682
-92.041848,109,15.070531
-91.605111,108,15.157233
-92.106511,107,15.245524
-91.364453,108,15.333747
-91.916287,104,15.420594
-91.370061,112,15.511285
-91.24437,111,15.597485
-92.212882,107,15.685601
-93.246846,110,15.788655
-91.375363,119,15.890014
-91.912148,107,15.986372
-91.757404,112,16.080256
-91.852556,115,16.176537
-91.944014,121,16.284217
-91.95589,110,16.378382
-91.835545,110,16.472099
-91.776421,113,16.575513
-92.347247,101,16.657944
-91.691643,112,16.752769
-91.946531,101,16.842299
-91.693003,113,16.939331
-91.933673,106,17.033077
-92.080534,109,17.123547
-92.172811,94,17.204945
-91.84347,110,17.291055
-91.698121,109,17.387804
-92.163383,102,17.473837
-92.118136,108,17.564994
-91.627582,105,17.65315
-91.277272,112,17.742152
-91.899938,109,17.828266
-92.251023,105,17.925494
-91.834206,107,18.049751
-91.731723,101,18.134031
-93.427149,88,18.205049
-93.635084,112,18.294595
-91.962202,107,18.37879
-91.410455,113,18.471685
-91.79403,105,18.558484
-91.689942,103,18.645463
-91.533765,116,19.385876
-91.864629,100,19.47046
-91.916578,102,19.549915
-91.396002,109,19.635875
-91.515689,104,19.717003
-91.74149,103,19.797992
-91.605622,109,19.88518
-91.636082,109,19.988337
-91.734092,112,20.076717
-91.833891,106,20.161633
-92.427423,102,20.245034
-91.422871,102,20.328294
-91.645986,107,20.411193
-91.737436,106,20.491531
-92.18447,112,20.592685
-91.712874,108,20.692812
-91.826863,111,20.784406
-91.848255,112,20.882783
-93.949459,116,20.977168
-93.504874,106,21.068671
-91.866802,109,21.15827
-92.096804,107,21.246921
-91.307121,111,21.341413
-92.430617,100,21.424454
-92.00341,100,21.508352
-91.319878,113,21.609565
-91.676707,117,21.705169
-91.64517,114,21.7962
-93.196944,115,21.88914
-91.783984,108,21.977822
-91.742384,112,22.071026
-91.831788,109,22.1566
-91.803328,104,22.239315
-92.084098,113,22.328258
-91.71132,112,22.413723
-91.257489,112,22.50158
-91.702301,103,22.583883
-91.585491,104,22.666735
-91.50093,105,22.755606
-91.89043,109,22.839613
-91.894592,102,22.920533
-92.236862,96,22.998112
-92.045579,98,23.075485
-92.145368,92,23.149707
-91.34489,107,23.235962
-91.966347,107,23.32249
-91.503193,115,23.414858
-91.478696,106,23.499346
-91.719818,107,23.582644
-91.294557,113,23.671716
-91.66035,117,23.775075
-92.447964,86,23.873581
-91.893712,102,23.959064
-91.888245,110,24.056692
-91.705377,116,24.15469
-91.704395,112,24.25219
-91.744653,111,24.347412
-91.687869,108,24.433427
-91.669501,107,24.523764
-91.765153,106,24.613063
-92.185949,102,24.698515
-91.403367,112,24.792482
-91.748217,113,24.887871
-91.841015,109,24.977602
-92.152202,104,25.064622
-91.659527,111,25.157571
-91.39987,112,25.251792
-4.55669,1600,26.532828
-91.8185,107,26.623387
-91.241752,106,26.71129
-91.896026,108,26.801185
-92.044786,109,26.891164
-92.119239,106,26.981139
-92.17867,94,27.056696
-92.485407,95,27.138723
-91.832462,110,27.231479
-92.043988,105,27.318575
-91.908808,103,27.403283
-91.81319,109,27.489729
-93.447896,127,28.254356
-91.736403,110,28.339107
-93.612217,101,28.420657
-91.915846,104,28.505925
-92.061241,107,28.598531
-91.720979,109,28.695987
-91.612279,107,28.784147
-91.41486,108,28.867757
-91.844642,108,28.956012
-91.334968,103,29.040674
-91.577965,112,29.13221
-91.334545,118,29.227231
-91.668061,108,29.315647
-91.37527,107,29.398589
-91.235392,112,29.488072
-92.192426,105,29.575213
-92.259834,106,29.665897
-91.935585,107,29.755051
-91.278375,119,29.850174
-91.341301,107,29.935314
-92.210602,103,30.022676
-91.954332,108,30.111386
-91.731934,108,30.198968
-91.713244,109,30.28745
-92.281657,105,30.374111
-91.785989,106,30.457919
-91.868369,103,30.541124
-91.854518,106,30.627939
-91.647658,105,30.71362
-91.568605,108,30.80308
-91.689786,110,30.887731
-92.040901,111,30.976827
-91.964708,109,31.068465
-92.017614,105,31.154933
-91.968531,108,31.245
-92.012451,113,31.337106
-91.910772,110,31.427527
-91.800925,100,31.507723
-91.465734,112,31.60154
-92.18293,103,31.683411
-92.226874,104,31.765737
-91.885997,106,31.845135
-91.878984,109,31.935931
-92.146327,98,32.01609
-91.415189,106,32.100662
-91.453811,109,32.199277
-91.762322,107,32.295642
-91.569794,111,32.388663
-91.781624,110,32.481909
-91.79149,109,32.575972
-91.68015,114,32.686291
-91.387566,113,32.818423
-91.653447,108,32.925963
-91.899386,103,33.030888
-91.712484,107,33.120121
-92.171861,101,33.270276
-91.458215,115,33.382403
-91.851417,108,33.477681
-92.150827,103,33.567213
-92.125946,101,33.650765
-91.483258,108,33.737236
-91.867969,104,33.823477
-91.781498,107,33.914941
-91.979261,105,34.012935
-92.261376,105,34.09779
-91.543107,108,34.181429
-91.64848,112,34.273203
-91.790937,108,34.361178
-92.302817,102,34.443841
-92.135572,104,34.529941
-92.141345,110,34.614655
-91.570383,104,34.700361
-91.709423,106,34.792428
-91.605018,114,34.893804
-92.148274,106,34.987244
-92.090836,110,35.083378
-91.698135,108,35.179425
-91.918639,106,35.284082
-91.836458,105,35.382387
-91.393158,104,35.474222
-91.821409,116,35.569615
-92.121268,105,35.660694
-91.881495,105,35.754277
-91.5159,110,35.850741
-91.765201,107,35.944195
-91.57698,106,36.037056
-91.700181,104,36.121126
-91.560982,109,36.203562
-91.516358,107,36.295919
-91.841596,105,36.38883
-91.843194,108,36.479699
-91.75042,105,36.572754
-91.850713,106,36.662466
-91.556095,111,37.453839
-92.284101,105,37.545525
-91.775005,107,37.632071
-91.476193,111,37.719681
-91.230982,114,37.806758
-91.84239,112,37.893011
-91.814043,110,37.985371
-91.833606,103,38.073397
-91.582137,107,38.165769
-91.980884,111,38.257358
-91.508299,114,38.364
-91.528994,115,38.456643
-91.628281,107,38.547005
-91.87388,101,38.631814
-91.772854,108,38.749493
-92.279971,106,38.839992
-91.859245,107,38.934232
-91.958419,109,39.038351
-92.013682,107,39.130571
-92.38614,103,39.215603
-91.285082,105,39.310471
-91.323028,110,39.430754
-92.147741,108,39.526083
-91.93702,112,39.629281
-92.000732,104,39.727409
-91.72448,110,39.820805
-91.780829,104,39.911888
-91.876931,104,40.006542
-91.764157,107,40.094987
-91.818214,111,40.185627
-91.395598,112,40.273817
-92.097042,109,40.364742
-91.738549,107,40.450362
-91.466084,104,40.538294
-91.386358,116,40.635087
-91.424091,115,40.728815
-91.653026,109,40.818876
-92.07649,106,40.904669
-91.928913,108,40.989352
-91.936191,108,41.07957
-91.372842,106,41.182741
-91.72174,108,41.273059
-92.120502,101,41.35958
-91.395889,116,41.454787
-91.591992,103,41.541397
-91.766728,104,41.625878
-91.80242,104,41.714916
-91.878883,106,41.804395
-94.330956,235,41.998835
-92.153276,102,42.084678
-92.259482,99,42.169203
-91.542763,117,42.262602
-91.467545,106,42.352202
-91.366157,112,42.447722
-92.076655,107,42.53896
-91.956406,106,42.628506
-91.488047,107,42.716612
-91.404424,116,42.813677
-91.699729,107,42.900939
-91.808706,105,42.992096
-91.924947,110,43.083887
-91.318741,109,43.176931
-91.360761,109,43.266698
-92.698623,90,43.342397
-91.806023,108,43.439142
-91.762269,106,43.525222
-91.561383,106,43.616203
-92.2666,93,43.696144
-91.578012,105,43.779237
-91.797896,103,43.861044
-91.783634,102,43.948795
-91.766941,105,44.055363
-91.903104,105,44.139866
-91.475531,112,44.230982
-91.780358,108,44.324818
-91.792357,100,44.405519
-92.129044,104,44.48945
-91.993957,108,44.576416
-91.810874,109,44.667747
-92.167027,105,44.755158
-91.370074,109,44.84328
-91.981542,102,44.924442
-91.629517,107,45.010575
-91.821722,102,45.104905
-91.674106,108,45.252477
-91.396202,107,45.336515
-91.481506,108,45.423077
-92.119256,105,45.51083
-91.945172,104,45.603078
-91.884057,102,45.698436
-91.936458,110,45.786576
-91.62229,108,45.871113
-92.277081,101,45.955977
-92.224732,103,46.883736
-91.975111,106,46.974442
-91.909603,107,47.063399
-92.745704,86,47.140923
-91.640671,102,47.257318
-91.875548,106,47.36161
-91.722197,106,47.45975
-91.702443,99,47.555362
-91.864288,110,47.653241
-91.428928,110,47.750553
-91.680785,108,47.842616
-93.044305,87,47.919986
-91.800036,106,48.009424
-91.803135,104,48.092978
-91.881284,103,48.182805
-91.917914,103,48.288123
-91.55879,110,48.390441
-91.55849,105,48.494729
-91.469599,104,48.586458
-91.419112,104,48.676023
-91.158423,111,48.764937
-91.502236,103,48.845014
-92.106195,99,48.925306
-91.9517,100,49.007101
-91.78702,105,49.091848
-91.806951,101,49.169356
-91.959216,104,49.253832
-91.868108,107,49.341138
-91.755911,104,49.424661
-91.749079,108,49.529728
-91.424195,106,49.624437
-91.656937,104,49.709241
-92.086036,99,49.79303
-92.119514,103,49.880535
-91.619844,101,49.967439
-91.727923,104,50.089633
-92.170958,95,50.218355
-91.310659,107,50.347277
-91.626024,110,50.445054
-91.998171,103,50.536939
-92.131566,100,50.690643
-92.143568,95,50.778658
-91.963717,102,50.865845
-91.494408,108,50.964556
-91.793581,106,51.053831
-91.544806,108,51.153145
-91.852274,109,51.240233
-91.548687,113,51.327221
-91.676844,106,51.409274
-91.387208,109,51.498179
-91.406239,107,51.583871
-92.102915,99,51.667174
-91.904161,107,51.753987
-92.243356,97,51.833415
-91.583212,106,51.922204
-92.047282,103,52.005358
-93.067521,86,52.07331
-91.421125,114,52.160556
-91.756918,106,52.247716
-91.960234,104,52.332784
-91.499512,104,52.41559
-91.808238,104,52.496415
-91.709828,107,52.581654
-93.123345,80,52.650429
-91.919573,99,52.728195
-92.004438,102,52.806118
-92.066793,105,52.890585
-92.102732,101,52.973485
-91.949038,99,53.052671
-91.955827,106,53.136993
-91.27927,108,53.220234
-91.697429,96,53.299295
-91.389304,107,53.385417
-91.823819,103,53.46755
-91.525109,104,53.549848
-91.714807,107,53.647027
-91.78663,102,53.730358
-92.236342,102,53.815219
-92.042292,106,53.896236
-91.996865,107,53.981743
-92.253631,102,54.063962
-92.343332,100,54.162842
-91.978204,104,54.24887
-91.750973,106,54.336435
-91.550293,112,54.424028
-91.408416,106,54.503115
-91.969516,109,54.602545
-92.629375,97,54.692695
-91.707797,108,54.781378
-91.501351,111,54.869101
-91.706585,107,54.9529
-92.175717,105,55.036531
-91.423901,110,55.125101
-91.371345,110,55.213091
-91.831501,108,55.299251
-91.218561,109,55.385864
-91.971107,106,56.154676
-91.928285,100,56.233826
-91.89248,103,56.314915
-91.486366,112,56.405104
-92.261384,102,56.494612
-92.057807,98,56.573144
-92.134581,102,56.657494
-91.989709,105,56.739987
-91.139629,109,56.829727
-91.311186,110,56.918212
-92.072715,104,57.001427
-91.430244,107,57.083954
-91.968511,101,57.161912
-91.742904,105,57.253903
-92.039431,101,57.33635
-91.48573,109,57.422374
-91.765204,113,57.545813
-92.137444,103,57.66274
-91.765427,106,57.760382
-91.738569,105,57.849155
-91.850764,105,57.934862
-91.902688,106,58.021305
-91.89718,103,58.104154
-91.516216,110,58.194641
-91.547054,108,58.28118
-91.975605,106,58.366826
-91.838795,103,58.447278
-91.515607,105,58.529025
-91.324891,105,58.61436
-92.180268,105,58.7001
-91.829207,103,58.785939
-91.967638,104,58.864994
-91.918802,103,58.94844
-91.403671,107,59.035428
-91.903046,109,59.122011
-91.569886,104,59.206375
-92.423576,100,59.288372
-91.612729,110,59.376596
-92.175473,95,59.455679
-91.928863,109,59.542588
-91.989203,102,59.627176
-91.773844,101,59.705428
-92.081695,103,59.79205
-91.364389,110,59.883025
-91.525997,110,59.969841
-91.900209,104,60.054036
-91.966811,99,60.132181
-91.508688,104,60.216418
-92.181266,100,60.298163
-91.373595,102,60.37669
-91.395195,106,60.45961
-91.81376,102,60.544314
-91.818965,104,60.629148
-92.09868,98,60.705151
-92.150491,101,60.784053
-91.507679,109,60.871495
-91.853203,104,60.954516
-91.386752,108,61.03993
-91.685816,105,61.122579
-91.959763,107,61.205258
-91.45579,108,61.292754
-92.048734,102,61.376113
-91.817728,103,61.457395
-91.514454,109,61.540492
-91.740342,109,61.629834
-91.844838,107,61.714434
-91.556631,103,61.797962
-91.975426,103,61.878886
-91.489578,110,61.962571
-91.348533,106,62.049632
-92.050111,107,62.136818
-91.548105,106,62.220426
-91.688042,108,62.303918
-92.192416,107,62.388047
-91.923344,108,62.474904
-91.896863,104,62.561495
-91.687128,109,62.646874
-91.404764,115,62.740517
-91.394307,113,62.826079
-91.578869,106,62.912652
-92.3706,102,62.996978
-91.993842,102,63.079218
-92.364058,100,63.158617
-91.365634,106,63.240944
-91.778849,105,63.327106
-91.51899,111,63.413968
-91.444983,106,63.496806
-91.816024,104,63.577548
-91.84156,107,63.664237
-91.602882,110,63.752197
-91.440444,111,63.838505
-91.573844,111,63.924538
-91.730887,106,64.008502
-91.907664,107,64.094421
-91.430038,109,64.185831
-91.914921,105,64.952367
-91.931215,104,65.036142
-91.772994,104,65.119756
-91.814897,102,65.200051
-91.475306,110,65.286002
-91.246499,109,65.374807
-91.861011,101,65.457321
-92.516091,101,65.537037
-92.104552,103,65.618884
-92.012117,101,65.700124
-92.316132,103,65.784873
-91.528607,105,65.868795
-92.433461,94,65.960729
-93.094792,82,66.03655
-92.175241,96,66.115513
-91.908788,107,66.200665
-92.312456,106,66.28288
-91.9638,105,66.367391
-91.606297,110,66.457198
-94.148444,110,66.544814
-91.767625,104,66.628676
-92.462976,93,66.697766
-91.85327,103,66.782139
-91.938359,104,66.866252
-92.019085,106,66.949853
-92.297158,92,67.025266
-91.787839,108,67.110677
-92.248466,99,67.196012
-7.782039,1600,68.474361
-91.694314,105,68.557971
-92.189134,98,68.637343
-91.724778,105,68.719463
-91.851155,105,68.800569
-92.730816,90,68.87301
-92.2171,100,68.952284
-92.071879,103,69.04875
-92.024919,105,69.139251
-92.018467,102,69.222854
-91.851954,106,69.337574
-91.916316,107,69.427511
-91.775702,105,69.51526
-91.564648,110,69.608173
-91.623989,108,69.697663
-91.714665,106,69.785522
-92.112966,100,69.866759
-92.621157,93,69.95054
-92.262396,97,70.035359
-91.73177,106,70.125304
-92.209194,97,70.217877
-91.795275,107,70.31738
-92.086906,104,70.408056
-91.615551,109,70.508737
-91.829543,103,70.596529
-91.811392,105,70.685071
-92.143359,105,70.773083
-92.098439,107,70.858137
-91.934623,103,70.94114
-92.317779,103,71.021958
-91.75794,106,71.112972
-91.722348,106,71.202043
-92.102281,106,71.289972
-92.087447,101,71.375796
-92.117596,95,71.452091
-92.140561,106,71.541226
-92.857765,89,71.615391
-92.46675,92,71.689859
-91.870725,100,71.767023
-94.860994,95,71.846078
-92.352499,96,71.921808
-92.484673,91,71.99637
-92.384828,101,72.077384
-92.355969,93,72.157038
-91.82768,101,72.296732
-91.756789,107,72.404673
-91.573768,106,72.503992
-8.621155,1600,74.560967
-91.724806,106,74.650027
-91.880149,106,74.734269
-91.571613,104,74.821792
-91.979349,99,74.905361
-91.844967,107,75.005189
-91.478436,106,75.096236
-91.891858,108,75.185247
-92.314654,99,75.262913
-92.68691,89,75.335654
-91.874083,103,75.421199
-91.955468,106,75.51166
-92.085857,98,75.589767
-91.915984,98,75.676575
-91.944734,103,75.769011
-92.162358,99,75.855176
-92.391447,101,75.943139
-92.141353,103,76.03463
-92.029315,108,76.123725
-92.196968,101,76.210443
-92.062415,103,76.298419
-91.899653,108,76.390479
-92.344903,103,76.478208
-91.737875,108,76.571967
-91.793168,101,76.662433
-91.818537,106,76.748202
-91.908696,102,76.832505
-93.322897,87,76.904264
-91.861375,108,76.991975
-92.26162,106,77.074838
-92.09598,102,77.160067
-92.166596,99,77.244363
-93.460437,87,77.318114
-91.959152,105,77.404356
-92.070919,108,77.488667
-92.369789,102,77.572808
-92.715908,93,77.648419
-91.912919,105,77.732023
-93.127924,87,77.800029
-91.628478,106,77.884716
-91.844179,106,77.971648
-92.937144,87,78.044557
-91.897558,104,78.124485
-93.866405,89,78.199389
-93.86182,80,78.265994
-91.557896,115,78.355911
-92.047111,99,78.437907
-92.82568,91,78.516974
-92.092982,97,78.603864
-92.123734,96,78.705869
-92.23203,97,78.803361
-91.724105,106,78.904086
-92.444854,96,79.015023
-91.930986,100,79.108977
-91.801476,105,79.22153
-91.57933,107,79.340537
-92.284009,105,79.436152
-91.874403,107,79.532103
-92.248841,103,79.617258
-94.295979,124,79.714046
-91.537581,105,79.801076
-92.001708,105,79.890391
-92.18216,99,79.970318
-92.410906,101,80.052146
-92.322591,103,80.163816
-94.083155,106,80.270376
-95.276004,107,80.352497
-93.702975,102,80.435634
-95.961808,94,80.513107
-11.986188,1600,81.802758
-94.169366,114,81.899116
-92.568348,91,81.973085
-94.413431,88,82.043831
-94.229685,120,82.14352
-11.207739,1600,92.043356
-94.342649,93,92.120223
-92.146796,99,92.203425
-10.91796,1600,93.406048
-11.383712,1600,94.716573
-94.207236,117,94.816366
-94.733107,85,94.885085
-94.021621,114,94.985436
-94.475458,93,95.067818
-94.346967,87,95.14121
-12.215804,1600,96.405198
-95.620116,104,96.495198
-94.383833,93,96.576291
-94.335849,96,96.656948
-94.372361,92,96.736266
-11.701198,1600,98.314588
-94.325508,106,98.402424
-94.151881,120,98.515195
-94.374927,85,98.593812
-93.539029,117,98.689301
-95.591096,92,98.768921
-91.963149,106,98.865448
-96.532516,115,98.965222
-94.362838,98,99.059252
-96.039832,196,99.216492
-95.646766,114,99.317599
-96.001033,106,99.407315
-92.796986,89,108.946973
-94.350426,106,109.03535
-94.463358,88,109.112831
-92.72501,90,109.189274
-94.336055,100,109.302672
-94.517609,91,109.413504
-93.571927,119,109.531259
-10.65726,1600,110.875014
-96.014362,118,110.965113
-94.292859,92,111.040389
-94.761158,82,111.10541
-11.534357,1600,112.349411
-94.414711,94,112.425631
-10.16346,1600,113.665053
-94.185333,100,113.741787
-94.514189,122,113.837087
-96.618327,130,113.937325
-8.63439,1600,115.189766
-94.397817,88,115.255621
-94.414449,90,115.330362
-97.001694,106,115.414569
-92.601414,92,115.486226
-10.465164,1600,116.673055
-96.822552,108,116.756406
-94.342335,88,116.829035
-9.208999,1600,127.633401
-91.891993,103,127.72873
-95.549408,106,127.822746
-94.079814,86,127.893553
-95.883704,111,127.990779
-11.06048,1600,129.282963
-94.170584,103,129.368145
-94.110241,120,129.463596
-91.559352,101,129.545553
-94.442828,95,129.623995
-96.855426,134,129.728579
-12.508624,1600,131.028807
-94.507244,92,131.109776
-96.051104,120,131.209174
-94.450814,90,131.2828
-94.188772,100,131.367266
-93.630465,149,131.489424
-96.015261,111,131.583033
-10.888793,1600,132.819657
-94.938708,208,132.97557
-11.203112,1600,134.193817
-97.208968,195,139.315369
-94.087153,109,139.403836
-92.527645,92,139.479717
-11.176293,1600,140.732806
-10.391598,1600,141.941096
-11.728035,1600,143.140232
-94.297086,98,143.222928
-12.180219,1600,144.409695
-96.811594,101,144.490604
-93.913019,108,144.576982
-96.961233,161,144.701648
-95.582613,101,144.783192
-94.193915,107,144.870213
-94.213737,94,144.94681
-95.586475,97,145.041038
-94.943516,78,145.107822
-94.544283,89,145.182477
-10.279393,1600,146.58831
-11.046467,1600,156.517123
-11.147118,1600,157.887785
-11.350325,1600,159.137023
-94.377789,86,159.209988
-93.70236,104,159.292118
-91.492383,108,159.38091
-96.714305,175,159.5158
-94.33793,99,159.593037
-94.359242,92,159.666438
-11.108151,1600,160.877198
-10.585149,1600,162.068736
-95.048536,75,162.126208
-95.665983,76,162.190753
-11.23974,1600,163.383484
-95.613148,93,163.458992
-94.471228,85,163.52641
-94.813785,78,163.588981
-11.009343,1600,170.598677
-92.601968,86,170.669311
-91.983282,103,170.749487
-94.046581,110,170.834321
-11.839406,1600,172.017421
-11.148247,1600,173.21571
-94.139826,97,173.290077
-96.369463,151,173.404736
-10.814255,1600,174.643132
-10.442927,1600,175.839595
-91.891885,100,175.922412
-91.962145,107,176.027633
-93.748597,114,176.117628
-93.36211,110,176.202919
-91.638985,112,176.288611
-94.292286,103,176.371034
-91.985363,102,176.451648
-92.743262,85,176.522194
-92.561562,92,176.596941
-93.594448,99,176.677418
-92.167349,99,176.756036
-93.031094,106,176.838819
-91.944943,100,176.999987
-91.788112,109,177.094245
-91.725151,106,177.177034
-93.130987,85,177.830101
-92.198246,94,177.918547
-93.855575,128,178.013616
-94.263675,108,178.100967
-93.583348,174,178.230564
-11.583933,1600,179.574767
-91.778843,108,179.664953
-94.071069,150,179.781277
-91.925888,108,179.89483
-91.584024,106,179.987811
-92.189163,101,180.07399
-94.217812,116,180.164974
-95.152401,123,180.258346
-91.952017,103,180.357229
-8.690404,1600,181.723325
-6.19075,1600,182.889213
-92.055957,105,182.97533
-91.479256,109,183.063009
-92.106572,102,183.142282
-91.893849,105,183.225899
-92.029106,105,183.31069
-93.116407,111,183.399425
-91.949479,102,183.479003
-93.923555,88,183.546961
-91.671812,106,183.632366
-94.047594,154,183.753312
-91.616274,112,183.845375
-91.748034,113,183.938522
-92.994674,105,184.029218
-91.609419,113,184.118522
-91.747057,105,184.202553
-94.327084,93,184.277348
-92.235396,102,184.363441
-93.292005,79,184.429969
-91.65232,111,184.513707
-7.1457,1600,185.731983
-94.339661,106,186.383335
-93.159703,84,186.457043
-92.727289,91,186.528711
-94.146722,135,186.632454
-10.331555,1600,187.820267
-94.459056,90,187.897451
-91.823555,104,187.983239
-93.30625,103,188.068357
-93.355944,98,188.14217
-93.717379,124,188.238728
-93.515045,84,188.311177
-92.79873,84,188.380008
-6.783132,1600,189.57406
-91.464375,109,189.664366
-93.485058,80,189.728589
-92.63599,92,189.804388
-91.670469,113,189.894363
-94.441002,90,189.965501
-93.967433,121,190.057542
-7.888071,1600,191.25197
-92.824554,85,191.319712
-93.148147,83,191.389919
-93.359117,138,191.498301
-7.356749,1600,192.686853
-91.486596,109,192.77426
-94.480678,89,192.842546
-94.127938,110,192.930392
-94.124253,120,193.024096
-92.136966,97,193.105177
-7.123427,1600,194.945614
-92.292643,90,195.019058
-92.154607,96,195.095779
-91.397704,112,195.1829
-93.069434,87,195.254891
-94.293891,99,195.332773
-92.150692,99,195.414257
-94.327836,155,195.550807
-91.564947,104,195.631458
-91.808704,104,195.716026
-91.958173,98,195.79786
-91.865341,112,195.887603
-94.479729,100,195.968641
-94.146138,113,196.060382
-94.587488,80,196.124906
-93.245375,81,196.192743
-94.466433,100,196.272234
-93.80888,98,196.350836
-93.839589,146,196.460958
-7.574656,1600,197.640963
-92.702428,86,197.713868
-7.592273,1600,198.921591
-7.578922,1600,200.185401
-93.584338,120,200.275565
-92.137021,96,200.352688
-94.350208,88,200.422948
-6.945179,1600,201.628022
-94.411073,93,201.700964
-94.156683,173,201.833805
-8.348918,1600,203.635451
-91.698413,101,203.719603
-92.200111,100,203.800648
-94.377083,97,203.87924
-92.982205,86,203.947729
-91.794972,102,204.039328
-92.073214,104,204.125193
-6.359159,1600,205.316301
-8.456963,1600,206.612301
-92.28065,93,206.704959
-92.013568,100,206.79736
-92.085616,100,206.88153
-93.838216,158,207.016025
-92.029689,101,207.133271
-91.530173,106,207.232408
-92.202658,98,207.327145
-91.7345,107,207.431161
-8.808797,1600,208.768091
-92.692425,92,208.841057
-7.279697,1600,210.113029
-92.061412,106,210.202745
-91.647208,110,210.291494
-91.851925,108,210.378896
-91.541475,108,210.465947
-92.077909,101,210.54352
-91.754971,108,210.631849
-91.985779,104,210.715907
-91.364075,109,210.803589
-91.52748,111,210.892821
-92.250872,102,211.725337
-91.156617,106,211.812435
-92.156495,102,211.890706
-91.76736,103,211.974654
-92.102124,105,212.061663
-92.064351,106,212.148363
-91.745379,106,212.234552
-92.108625,104,212.314614
-92.531277,88,212.385942
-91.842187,101,212.474006
-92.197463,102,212.561825
-91.32418,111,212.650728
-91.368411,111,212.738368
-91.944843,104,212.82225
-92.20578,95,212.899463
-92.091821,103,212.982517
-91.72286,110,213.068751
-91.358225,108,213.156362
-91.870506,106,213.240958
-92.044471,100,213.323187
-91.793184,106,213.411345
-91.983536,102,213.491802
-92.970289,84,213.564022
-93.51015,117,213.655941
-91.737275,102,213.739933
-93.743523,142,213.852429
-92.254904,101,213.940333
-91.928637,102,214.025252
-91.723571,112,214.116374
-91.946814,103,214.200904
-91.99741,106,214.302003
-91.560012,112,214.406708
-92.468596,94,214.492292
-91.873691,107,214.586918
-92.111388,97,214.671297
-92.434942,94,214.75339
-91.783526,99,214.83513
-91.934158,105,214.919425
-91.851441,107,215.005778
-92.233765,95,215.079693
-92.128945,100,215.16108
-91.951724,98,215.23918
-92.174645,95,215.318237
-91.90071,105,215.399851
-91.784255,104,215.483483
-91.818472,104,215.567466
-91.463319,106,215.668508
-94.276506,125,215.770531
-91.938739,104,215.852636
-91.718613,109,215.935884
-91.383307,107,216.022245
-91.862819,105,216.108652
-91.53613,104,216.198519
-91.976823,107,216.286568
-91.407127,106,216.368852
-91.815718,111,216.456141
-91.745196,105,216.540191
-91.636508,105,216.623813
-93.060776,87,216.692028
-91.506727,109,216.777819
-91.770767,104,216.86182
-91.701545,105,216.946438
-92.037378,96,217.023021
-91.811841,106,217.105632
-91.483347,104,217.189346
-91.774814,102,217.285891
-91.933804,101,217.368102
-93.708902,76,217.429371
-91.675631,107,217.516354
-91.916638,106,217.599937
-91.42126,113,217.688846
-91.750945,104,217.77122
-91.940541,101,217.849129
-91.595769,114,217.938052
-91.731121,106,218.023486
-94.753478,79,218.088698
-91.849154,106,218.169738
-91.939585,109,218.2553
-91.826571,106,218.339896
-91.426205,106,218.42534
-91.542942,107,218.510811
-91.493426,111,218.59582
-91.886519,107,218.681836
-92.926909,86,218.751366
-91.973705,102,218.834945
-92.005845,104,218.914548
-91.564627,101,218.996455
-91.835898,104,219.091737
-91.702101,114,219.183011
-91.889805,103,219.266918
-91.372339,111,219.373985
-92.069974,100,219.464933
-91.362918,105,219.550586
-93.272003,90,219.624272
-93.149552,82,219.693222
-91.988613,105,219.780286
-92.174495,102,219.861608
-91.548195,109,220.582321
-94.221616,95,220.660825
-91.315856,108,220.748746
-91.849778,106,220.835107
-92.217079,98,220.912327
-91.701652,104,220.997533
-91.733481,105,221.107794
-92.313422,89,221.20707
-92.123345,103,221.294446
-91.678671,109,221.384096
-91.713843,102,221.465632
-94.176378,106,221.551002
-92.23396,105,221.637839
-91.853926,105,221.724576
-91.674794,103,221.810217
-91.27628,118,221.905652
-92.618138,90,221.977783
-91.584001,107,222.065242
-91.876202,102,222.150092
-91.516946,105,222.236311
-92.060382,100,222.316777
-91.786641,107,222.403315
-91.885646,99,222.493487
-91.734731,106,222.580883
-91.444247,106,222.6673
-92.036295,99,222.743042
-91.967486,101,222.825017
-91.42049,110,222.928667
-91.766054,104,223.044296
-91.595366,102,223.146469
-91.913099,103,223.245474
-92.329827,94,223.328673
-92.009306,103,223.418249
-91.991934,100,223.534669
-91.527537,109,223.644309
-91.714091,104,223.727785
-92.302936,100,223.805943
-91.478599,108,223.893066
-91.637553,112,223.981675
-91.518568,113,224.071214
-92.641397,86,224.144132
-91.824911,102,224.225098
-92.097155,105,224.31452
-91.973272,107,224.401816
-92.476585,97,224.48062
-91.841014,103,224.559475
-92.526585,94,224.637542
-92.205866,101,224.720152
-91.207496,111,224.807256
-91.512559,107,224.895064
-92.175999,99,224.975443
-91.765534,104,225.060695
-91.905901,107,225.147685
-91.795682,110,225.235546
-92.429257,102,225.317957
-92.07115,108,225.406387
-91.299905,106,225.501663
-91.936395,102,225.603053
-91.808656,106,225.704303
-91.984291,108,225.80854
-91.77478,104,225.894758
-91.659322,105,225.978682
-91.734481,101,226.057189
-91.490133,104,226.14633
-92.085628,100,226.229206
-91.540927,103,226.31639
-92.028121,99,226.395583
-92.947173,87,226.466415
-91.996238,101,226.548036
-91.99347,95,226.621622
-91.629443,108,226.704596
-91.593831,109,226.792849
-91.878372,103,226.878974
-8.173731,1600,228.128248
-92.947794,88,228.195686
-91.591828,106,228.281045
-91.739998,105,228.367356
-91.825165,103,228.450285
-92.041654,101,228.530975
-91.220954,112,228.621408
-91.51669,107,228.708289
-92.233224,103,228.794631
-92.284151,95,228.871169
-92.306642,91,229.598534
-92.037496,103,229.677864
-91.467848,110,229.767287
-91.241441,110,229.855161
-92.395841,91,229.927663
-92.053964,100,230.006387
-91.875584,107,230.094838
-7.412073,1600,231.294585
-91.604126,109,231.382382
-92.066025,98,231.463632
-92.020045,105,231.548187
-92.368012,99,231.623069
-91.538647,106,231.711573
-92.8824,93,231.789133
-91.958315,98,231.868167
-91.149684,112,231.9574
-91.98827,99,232.036006
-91.264195,107,232.124083
-92.297091,98,232.203888
-92.038419,104,232.28539
-92.594046,90,232.357451
-91.751012,105,232.445756
-92.0505,98,232.524171
-91.957741,97,232.600291
-91.945364,99,232.678907
-91.972388,101,232.762051
-91.839451,105,232.846111
-91.852926,103,232.92996
-91.425778,107,233.011958
-92.571814,97,233.08981
-92.116361,99,233.170465
-91.913465,103,233.250027
-91.558524,104,233.330783
-92.234504,97,233.411038
-91.899845,107,233.499052
-91.763014,113,233.586825
-7.599601,1600,234.81481
-91.775022,103,234.900695
-91.826562,102,234.986271
-91.558429,104,235.070587
-91.572813,109,235.162379
-91.969529,104,235.243866
-92.280504,92,235.32227
-91.754128,102,235.403923
-92.026015,97,235.480876
-91.805287,102,235.562096
-91.891399,99,235.643658
-91.869344,104,235.729271
-91.726168,107,235.81973
-92.001328,105,235.918445
-91.309072,112,236.00547
-92.004385,106,236.089795
-91.995661,100,236.173578
-92.912185,83,236.241238
-91.719139,107,236.329639
-91.140094,112,236.774628
-92.040838,100,236.861675
-91.877587,103,236.945608
-91.733316,104,237.02988
-91.426725,107,237.115088
-92.001789,100,237.195103
-91.784957,103,237.279425
-91.728757,106,237.364823
-91.278144,112,237.453029
-91.37475,113,237.549253
-91.670583,107,237.635367
-91.894868,105,237.73254
-93.216964,80,237.815719
-92.949879,84,238.473622
-93.257566,84,238.551769
-93.209122,79,238.618694
-92.249002,97,238.693599
-94.800104,104,238.778556
-92.371795,95,238.859076
-9.403326,1600,240.134589
-91.953136,106,240.221059
-91.985497,100,240.301534
-92.185806,96,240.378431
-92.1331,98,240.460349
-92.367928,94,240.536715
-92.626104,93,240.61292
-92.164954,94,240.688707
-94.462691,79,240.75787
-93.303825,83,240.852638
-92.865224,90,240.96472
-92.061716,103,241.074415
-92.149295,103,241.167999
-93.023884,87,241.245214
-92.202788,98,241.328402
-92.481865,94,241.409523
-9.308284,1600,242.732636
-92.736554,91,242.809183
-91.773726,106,242.907145
-92.851138,86,242.9869
-93.41931,78,243.057264
-91.994883,105,243.146768
-91.878503,106,243.239782
-92.764306,89,243.322095
-91.910362,104,243.415263
-92.168181,99,243.50469
-9.966099,1600,244.828114
-93.372415,82,244.900288
-92.194772,97,244.983535
-92.508646,93,245.064357
-91.927161,103,245.14719
-93.304021,86,245.219647
-93.172534,89,245.293198
-92.803023,92,245.364421
-92.57635,91,245.438967
-93.358983,94,245.517857
-92.100158,105,245.603613
-92.468855,93,245.680721
-92.744112,90,245.759073
-93.321108,81,245.827695
-8.625749,1600,247.670459
-93.003636,89,247.743843
-92.291618,95,247.820916
-92.793972,89,247.889938
-94.26076,75,247.953843
-94.182526,117,248.045557
-93.519479,80,248.109483
-92.572829,94,248.187402
-92.281311,99,248.266705
-93.256384,81,248.330762
-92.290571,101,248.41188
-92.817987,92,248.485971
-93.153165,88,248.557895
-92.213711,102,248.636432
-9.981433,1600,249.956945
-92.842964,88,250.057045
-91.94389,107,250.183424
-92.558543,88,250.26182
-93.015737,84,250.391777
-92.016823,105,250.490853
-92.233428,99,250.584801
-92.81421,89,250.662719
-91.949052,102,250.75374
-92.792332,88,250.849971
-92.629037,89,250.935287
-93.122143,84,251.019826
-94.694622,90,251.202329
-94.035673,138,251.394508
-93.944064,73,251.514601
-8.933019,1600,252.860542
-93.495681,83,252.936515
-93.059725,85,253.013514
-92.266182,95,253.093119
-91.624439,111,253.178639
-92.676399,86,253.25092
-93.294015,83,253.318578
-91.852594,108,253.404643
-92.048503,98,253.486444
-92.131602,98,253.566895
-92.297367,98,253.643925
-92.314264,95,253.715093
-92.900498,91,253.785352
-93.175951,88,253.854339
-92.443689,93,253.923849
-92.908828,86,253.992232
-92.969871,82,254.056725
-93.902517,84,254.120803
-91.999842,94,254.194604
-8.979581,1600,255.324065
-93.864922,78,255.386228
-92.07533,105,255.465504
-92.154251,101,255.538788
-93.143634,91,255.611819
-93.791875,93,255.683899
-93.286417,83,255.745584
-92.450959,93,255.81784
-92.668608,94,256.429413
-93.3088,82,256.491512
-92.166816,99,256.569231
-91.859838,107,256.671387
-93.680118,80,256.763646
-10.127677,1600,258.087959
-92.035815,101,258.168013
-92.508976,89,258.241166
-92.374392,98,258.32073
-92.158856,101,258.403927
-93.292476,80,258.467954
-92.322473,98,258.54705
-91.995906,98,258.626954
-91.966115,102,258.705247
-92.217342,90,258.781003
-93.376367,88,258.869144
-93.718375,79,258.950527
-92.412705,95,259.032634
-93.120263,88,259.110744
-92.475474,95,259.193423
-92.259109,94,259.274092
-92.435574,96,259.350695
-91.794503,108,259.484287
-92.131242,96,259.566376
-7.551801,1600,260.72615
-8.910204,1600,261.891054
-92.920406,86,261.959772
-92.370622,91,262.031185
-93.258474,84,262.100184
-92.355647,95,262.20895
-93.189971,89,262.291302
-91.995399,103,262.373054
-92.581072,89,262.441434
-92.258264,96,262.518453
-91.829459,107,262.604165
-92.961354,87,262.674479
-91.9919,99,262.750665
-92.556746,95,262.832318
-92.466461,92,262.908423
-92.272685,101,263.00165
-93.738484,79,263.069809
-92.302893,97,263.147085
-91.970208,103,263.229212
-91.847482,106,263.319013
-92.640661,90,263.387986
-92.369833,95,263.464846
-92.514714,89,263.537339
-93.079224,91,263.608039
-93.356575,88,263.677706
-93.114617,89,263.74783
-92.551534,89,263.815332
-91.944954,108,263.899162
-92.237125,100,263.977995
-92.853959,89,264.05221
-92.758552,88,264.119073
-93.188345,86,264.188852
-91.869958,99,264.267959
-92.512428,90,264.34156
-91.889989,103,264.95414
-92.092139,94,265.030937
-91.85711,106,265.11261
-92.881315,85,265.175505
-93.723989,77,265.236274
-92.30675,97,265.307578
-93.751501,75,265.367914
-91.985807,100,265.445059
-92.886236,86,265.508344
-92.985384,84,265.57365
-9.186763,1600,266.738282
-92.08675,102,266.81543
-91.857251,106,266.892004
-91.78346,104,266.972165
-93.135074,87,267.041558
-91.780501,100,267.115345
-93.289715,85,267.18179
-92.147776,94,267.254735
-93.002353,86,267.318544
-93.658099,80,267.381735
-92.077538,97,267.457225
-93.349233,80,267.517862
-93.258371,82,267.583034
-92.717023,88,267.65308
-92.864657,86,267.721478
-93.11346,86,267.789481
-91.881046,106,267.866244
-93.651762,78,267.929671
-92.472733,95,268.00344
-92.068758,105,268.078587
-92.488255,91,268.14972
-91.979472,107,268.230431
-92.108367,99,268.301923
-93.493654,83,268.367064
-92.161249,98,268.442525
-92.461561,87,268.506063
-91.445438,109,268.588148
-93.231173,85,268.65477
-93.078349,88,268.719548
-92.954414,85,268.79461
-93.411134,79,268.858062
-92.331387,97,268.930507
-93.089369,84,268.996773
-91.969055,103,269.074457
-92.286691,93,269.143664
-92.86425,86,269.209595
-91.9361,100,269.286033
-92.071348,100,269.365282
-93.161695,81,269.429695
-92.510334,91,269.500541
-91.987769,98,269.571935
-92.128436,100,269.649018
-92.792609,87,269.716415
-91.556605,110,269.795373
-92.005386,97,269.870104
-92.635055,85,269.93667
-92.022683,103,270.012452
-92.978608,84,270.078229
-93.258622,82,270.143028
-92.288585,97,270.214082
-91.971215,105,270.295215
-91.736536,107,270.377247
-93.145481,82,270.438114
-92.911814,88,270.506828
-93.596715,77,270.568993
-92.861466,91,270.641545
-93.03967,82,270.709587
-91.800242,106,270.793386
-91.624632,106,270.878105
-92.815505,87,270.946048
-92.175405,99,271.024963
-93.642025,115,271.112471
-92.155826,101,271.186804
-91.66819,110,271.272413
-92.198692,98,271.348365
-91.66287,107,271.430143
-92.418774,92,271.502789
-93.972843,162,271.619398
-92.117856,95,271.693701
-92.984965,87,271.764543
-92.098575,96,271.865669
-92.322767,96,271.956849
-92.010088,98,272.035518
-92.015687,97,272.117306
-92.194398,99,272.199404
-91.819066,108,272.285584
-91.566737,100,272.363799
-92.798494,86,272.436492
-92.727204,91,272.512002
-92.01215,98,272.591902
-92.972111,89,273.224318
-92.000071,102,273.306501
-92.042485,97,273.384953
-93.220026,83,273.453463
-92.860564,86,273.520713
-93.302541,85,273.607133
-93.540282,78,273.67303
-94.364428,111,273.759261
-92.854025,87,273.829896
-93.281251,81,273.898984
-93.272366,83,273.965802
-94.378988,133,274.065015
-9.501235,1600,275.355255
-93.170686,83,275.422688
-94.521425,148,275.547658
-93.630021,86,275.62521
-93.228787,83,275.695418
-92.447522,96,275.771149
-94.275521,114,275.862557
-92.574716,96,275.940769
-94.547415,116,276.034595
-10.44331,1600,277.34783
-93.515077,86,277.439377
-92.004306,101,277.534696
-92.440662,92,277.616774
-8.487724,1600,278.921447
-93.268039,80,278.988324
-92.704953,88,279.059092
-94.872886,94,279.137201
-9.214149,1600,280.377336
-95.634566,126,280.475035
-9.581953,1600,282.298144
-93.571391,119,282.405336
-92.78718,87,282.483958
-92.42693,97,282.568238
-94.380005,119,282.669421
-93.456272,87,282.744272
-94.438248,112,282.851233
-93.655502,122,282.954732
-93.513851,132,283.060288
-91.900012,108,283.148295
-94.47838,115,283.241908
-93.519467,81,283.31108
-93.915306,107,283.398077
-92.487739,96,283.482706
-92.404982,95,283.562815
-92.72559,89,283.633772
-92.020987,111,283.727057
-93.609105,83,283.797849
-8.822351,1600,284.993598
-93.607935,86,285.064773
-94.429395,124,285.164154
-93.840387,140,285.271743
-93.155551,83,285.339687
-94.439813,111,285.428765
-93.019121,86,285.500176
-92.358965,98,285.582563
-94.312944,142,285.693691
-93.28939,96,285.771671
-92.080922,109,285.856297
-93.422484,85,285.935501
-92.608042,94,286.014028
-93.508983,81,286.081474
-92.515933,91,286.156799
-93.576912,79,286.223895
-8.734622,1600,287.503763
-93.511717,88,287.578159
-93.65278,80,287.642684
-94.367019,120,287.740721
-93.614609,116,287.838069
-93.718441,85,287.908225
-92.474249,95,287.983678
-94.37784,129,288.085713
-91.926151,104,288.17263
-94.403355,103,288.258359
-93.169745,99,288.340432
-92.971884,90,288.411966
-92.278835,106,288.507207
-92.607552,90,288.587146
-93.411538,126,288.689743
-93.54572,80,288.762979
-92.512157,96,288.841126
-93.313636,84,288.914522
-9.910756,1600,290.841044
-92.448902,92,290.928272
-92.629302,89,291.002534
-93.321161,83,291.068052
-92.698732,90,291.140483
-94.588125,99,291.220648
-93.800656,77,291.282823
-92.152694,99,291.366351
-93.916584,108,291.454414
-92.594837,92,291.534419
-93.75838,88,291.612628
-92.553247,94,291.692711
-92.768381,88,291.772663
-93.298443,93,291.860035
-94.406924,111,291.959847
-10.872904,1600,293.216245
-93.396718,81,293.282575
-93.55942,91,293.35613
-93.306369,81,293.423775
-8.99388,1600,294.629059
-94.196864,96,294.705511
-92.908039,90,294.776084
-92.818807,88,294.850704
-93.711732,153,294.968045
-92.841511,87,295.041081
-92.947855,86,295.115937
-9.700766,1600,296.35284
-94.469943,98,296.440794
-10.364666,1600,297.68058
-92.11327,103,297.764285
-93.223572,95,297.839622
-92.87114,91,297.914421
-93.282011,82,297.993291
-93.337291,83,298.088262
-94.289781,112,298.173969
-92.074979,101,298.255178
-93.632676,79,298.32161
-10.600539,1600,300.130865
-92.980083,87,300.204701
-93.662302,87,300.273344
-94.414922,102,300.361808
-9.147209,1600,301.55836
-93.646302,88,301.634397
-93.715086,78,301.70104
-93.210375,81,301.767173
-92.129239,103,301.850813
-93.534467,81,301.919581
-93.415869,90,301.991734
-93.387845,82,302.059293
-93.610338,178,302.198966
-92.396812,104,302.295499
-92.630307,92,302.373233
-92.427532,99,302.457362
-93.013744,84,302.528182
-92.366001,101,302.607119
-93.323534,87,302.678675
-93.666809,80,302.745731
-94.434158,106,302.830114
-9.016779,1600,304.061212
-94.352102,125,304.162576
-92.68227,91,304.237707
-92.948059,88,304.306964
-92.42241,99,304.39157
-92.721307,89,304.464443
-93.70446,86,304.535845
-93.143222,85,304.607376
-92.646892,88,304.683224
-92.340324,98,304.76176
-93.551776,80,304.82738
-92.789294,87,304.900967
-92.590875,87,304.972259
-93.643919,87,305.040204
-92.518683,94,305.118302
-92.534626,95,305.199845
-92.799421,90,305.274172
-93.713345,79,305.339712
-93.315024,86,305.411295
-93.487065,80,305.479535
-92.503062,92,305.552313
-93.399403,93,305.631461
-92.522207,96,305.713427
-94.361888,110,305.80475
-93.394506,85,305.873157
-92.132821,110,305.963811
-92.443835,99,306.046121
-94.44614,146,306.159206
-92.869191,88,306.231473
-92.658307,89,306.304897
-93.378715,81,306.372997
-93.59696,88,306.447659
-93.384225,80,306.519018
-92.494211,98,306.614213
-92.360695,108,306.700232
-92.709262,89,306.773714
-93.413062,85,306.842207
-92.827415,90,306.914892
-93.648028,131,307.017416
-92.632039,92,307.093353
-92.553378,92,307.737855
-9.322711,1600,308.954565
-93.372517,80,309.023245
-10.787249,1600,310.308526
-92.68415,95,310.389571
-91.731046,115,310.491476
-92.633835,94,310.57608
-92.661279,88,310.65311
-92.778165,89,310.735647
-93.241715,83,310.815919
-93.782354,80,310.885321
-93.426071,82,310.951176
-92.733194,89,311.028466
-93.23066,107,311.124197
-10.509863,1600,312.361863
-92.727085,89,312.434585
-92.626219,89,312.50737
-92.81054,85,312.577317
-9.778817,1600,313.831669
-93.155367,86,313.907153
-94.466569,143,314.021683
-92.809404,93,314.103076
-92.545872,92,314.186044
-92.26023,103,314.270819
-92.651842,90,314.346586
-92.246046,104,314.435737
-93.577027,79,314.501592
-93.346444,85,314.569678
-93.633775,116,314.662595
-93.543269,123,314.759175
-92.538781,93,314.833899
-92.926668,87,314.905805
-93.345736,87,314.973679
-94.543093,131,315.07413
-92.563065,94,315.154055
-92.666365,89,315.229777
-93.027176,83,315.296728
-92.656375,94,315.375108
-93.083014,85,315.446363
-92.020605,107,315.536922
-93.485149,85,315.606551
-92.588734,89,315.680712
-93.418522,79,316.300094
-93.15013,84,316.367943
-92.596434,92,316.443334
-92.844689,87,316.514752
-92.836054,87,316.584286
-92.507291,102,316.683377
-92.744507,96,316.762056
-93.281225,83,316.830873
-93.882802,155,316.953009
-92.378542,102,317.034221
-92.581535,93,317.10891
-93.460835,98,317.189497
-93.459591,135,317.297748
-92.529748,96,317.377333
-92.871177,87,317.448065
-92.529861,92,317.521623
-94.451607,104,317.606364
-93.145864,85,317.676777
-92.721404,91,317.747716
-93.39093,91,317.823682
-92.595365,94,317.90461
-93.734616,117,317.999004
-10.2426,1600,319.285017
-92.625046,93,319.374795
-92.924056,88,319.449391
-92.488312,95,319.532177
-93.584575,90,319.60811
-92.535169,96,319.69267
-92.874892,91,319.768732
-93.403608,84,319.84161
-93.357163,83,319.914008
-93.270561,107,320.009435
-92.541051,97,320.089208
-93.501371,83,320.162573
-93.598712,84,320.238399
-92.830517,89,320.312546
-92.522147,100,320.395187
-92.714804,87,320.467559
-93.165835,96,320.569358
-93.629969,77,320.634683
-92.901909,91,320.714595
-93.242435,83,320.787609
-93.290345,108,320.88569
-92.692022,93,321.009833
-92.750899,92,321.099019
-93.297796,82,321.168307
-92.260795,115,321.261832
-94.351674,142,321.374772
-10.681332,1600,322.684205
-93.497179,81,322.752552
-92.634003,97,322.8333
-92.759742,93,322.910492
-92.74165,92,322.991231
-92.318218,98,323.06919
-92.741168,93,323.14714
-92.860644,88,323.225094
-92.565641,92,323.3083
-92.623618,91,323.38555
-92.690989,94,323.465595
-92.751471,92,323.544693
-92.514902,96,323.629943
-92.651774,91,323.704445
-92.476698,96,323.785759
-92.425346,97,323.865519
-92.762012,88,323.93772
-93.670674,81,324.00244
-92.658653,92,324.08297
-92.276872,106,324.176526
-91.994948,110,324.276793
-92.714173,90,324.362071
-92.441789,96,324.444987
-92.436045,96,324.525413
-93.331936,80,324.596571
-92.699698,88,324.673625
-92.327417,102,325.347432
-92.709909,93,325.430231
-93.41257,84,325.498604
-92.688953,93,325.576179
-92.566902,95,325.652975
-92.580002,97,325.730867
-93.366131,82,325.796432
-92.605741,96,325.878263
-92.803354,87,325.954472
-93.505773,78,326.019853
-92.660531,96,326.101193
-92.598064,95,326.179871
-92.683043,93,326.252768
-93.455705,83,326.321507
-93.286182,98,326.400075
-92.163378,107,326.486158
-92.724471,92,326.559074
-92.606803,92,326.634228
-92.636476,91,326.73093
-92.524255,97,326.82682
-93.533866,88,326.909131
-92.561871,91,326.986276
-92.673137,90,327.065983
-93.33595,81,327.139288
-93.354624,84,327.215963
-93.391125,83,327.286623
-94.378653,108,327.376669
-93.088398,86,327.448343
-92.74022,94,327.529267
-92.584221,94,327.610624
-92.339245,98,327.691299
-92.700769,89,327.767363
-92.785729,93,327.845606
-93.426236,81,327.921366
-93.169398,83,327.996714
-92.573053,93,328.074175
-12.197767,1600,329.301138
-92.411031,101,329.386237
-92.216923,106,329.469947
-92.638315,97,329.543901
-10.205462,1600,330.749547
-92.7363,89,330.819777
-92.661588,95,330.897576
-93.807912,151,331.014173
-93.399865,84,331.084243
-93.19216,82,331.152744
-93.254365,112,331.2397
-93.452851,80,331.309599
-92.71027,91,331.387686
-92.771554,91,331.462079
-93.605964,80,331.529797
-92.948045,90,331.603342
-93.628377,79,331.665602
-92.924691,91,331.73864
-92.547067,96,331.816187
-92.306901,106,331.900493
-93.221811,85,331.967845
-93.628775,114,332.057984
-93.723681,75,332.122348
-93.272373,83,332.18755
-93.714901,76,332.251322
-93.654384,79,332.314033
-92.601092,95,332.392538
-92.37102,107,332.477867
-93.471042,82,332.547653
-93.31827,83,332.668514
-92.608629,88,332.746517
-93.336366,92,332.832389
-93.50258,81,332.910893
-93.376896,83,332.984572
-92.633909,92,333.063262
-93.257865,96,333.153028
-92.645679,97,333.236223
-92.780106,93,333.316519
-93.647027,77,333.380174
-93.473523,86,333.459553
-93.197519,84,334.09241
-92.58756,92,334.168853
-92.634835,91,334.24428
-92.997713,86,334.314977
-93.367858,84,334.398306
-92.745203,91,334.474594
-92.942009,91,334.544966
-93.523643,82,334.613011
-92.51593,98,334.695413
-93.374186,82,334.782905
-93.366414,85,334.849095
-92.835225,92,334.924459
-92.986219,90,334.996355
-92.537187,96,335.072042
-92.356065,106,335.156433
-92.953647,91,335.229314
-12.574759,1600,336.39744
-11.165004,1600,337.68558
-14.017992,1600,338.907985
-94.832564,119,338.999286
-95.312962,126,339.105352
-93.682671,84,339.170527
-94.633023,104,339.263548
-94.498734,112,339.364418
-94.4827,92,339.440943
-92.367247,98,339.524799
-13.124345,1600,340.770721
-93.406979,85,340.843301
-10.415135,1600,343.542296
-12.045035,1600,344.76948
-94.943203,85,344.839623
-13.133895,1600,346.057786
-13.47612,1600,347.285535
-9.990605,1600,348.494959
-94.178998,129,348.594844
-92.011614,101,348.676317
-94.420467,133,348.783314
-9.572498,1600,349.975346
-92.180088,95,350.05239
-95.506982,78,350.113818
-94.484706,129,350.213703
-94.555224,107,350.302303
-94.906909,110,350.393947
-11.907566,1600,358.566393
-12.763047,1600,359.789651
-14.817171,1600,361.057075
-10.920189,1600,362.296284
-12.393807,1600,363.489633
-94.404608,117,363.584187
-94.588015,130,363.690848
-10.603443,1600,365.025419
-93.852251,81,365.089712
-12.111351,1600,375.797794
-13.66795,1600,377.071091
-13.112135,1600,378.352107
-10.447237,1600,379.875231
-95.081935,84,379.944633
-93.406496,82,380.010908
-94.442683,139,380.113646
-94.856784,82,380.175947
-94.938143,96,380.251706
-96.072159,105,380.330754
-13.559521,1600,381.579233
-13.344465,1600,383.767521
-12.791329,1600,393.44745
-94.861461,80,393.514365
-13.786541,1600,394.713596
-93.669851,105,394.800658
-94.387032,101,394.883672
-13.743969,1600,396.091729
-91.950617,105,396.179874
-94.489138,111,396.269392
-13.792811,1600,397.4809
-92.81727,90,397.555322
-94.441241,110,397.664292
-94.606044,101,397.747084
-94.56868,143,397.862194
-11.633686,1600,399.105979
-10.641042,1600,400.349671
-94.770877,81,400.417643
-94.784269,86,404.72362
-95.655723,104,404.820849
-94.41931,151,404.951628
-95.046435,98,405.028579
-94.553893,114,405.120393
-93.105443,88,405.197209
-11.073692,1600,406.396635
-12.894537,1600,407.574003
-13.792289,1600,408.83243
-93.61859,81,408.900669
-10.979349,1600,410.177588
-94.61116,112,410.267028
-95.505018,153,410.388723
-12.182197,1600,411.630872
-10.49991,1600,421.610178
-11.520868,1600,422.764273
-93.242063,81,422.828875
-95.855977,100,422.903352
-94.899704,96,422.98969
-95.811623,105,423.103237
-10.598881,1600,424.331244
-15.398162,1600,425.563038
-94.584697,122,425.65991
-92.045046,107,425.747018
-11.387699,1600,426.952305
-95.196345,82,427.025097
-94.366304,144,427.136167
-95.12945,87,427.209794
-94.579774,113,427.297432
-94.46804,111,427.383192
-14.343127,1600,428.629857
-92.819125,88,428.702278
-14.492332,1600,440.887772
-94.052966,87,441.029395
-96.517909,80,441.165509
-93.754755,77,441.295184
-94.889928,81,441.461471
-94.463282,108,441.644895
-94.469979,96,441.79695
-14.417343,1600,444.327493
-94.812593,86,444.477747
-94.28587,118,444.664855
-93.86774,103,444.827568
-95.015177,86,444.971253
-93.622878,121,445.159349
-94.581741,149,445.389715
-94.229653,104,445.562889
-93.286718,85,445.698944
-94.814732,84,445.841477
-94.486829,135,446.057016
-94.492888,114,446.235831
-15.310563,1600,449.033294
-94.433116,134,449.161405
-95.64921,104,449.247772
-94.392954,115,449.337141
-11.73995,1600,450.548868
-10.708828,1600,451.712332
-94.323767,125,451.811419
-95.134955,84,454.194329
-92.899607,86,454.267249
-13.782324,1600,455.666898
-94.200229,105,455.750869
-94.938859,83,455.820445
-95.404378,130,455.91984
-92.938574,94,456.001856
-92.502253,91,456.077243
-92.405757,99,456.158001
-93.221995,84,456.228951
-10.622616,1600,457.474662
-93.550716,85,457.546587
-92.303539,95,457.624592
-92.677277,92,457.697979
-93.548281,88,457.769871
-93.281353,81,457.838211
-93.601193,78,457.905669
-93.266042,86,457.983587
-93.229411,107,458.076959
-91.862835,112,458.17314
-93.493028,78,458.257624
-93.308093,90,458.338734
-92.506693,95,458.424169
-93.663446,120,458.523091
-11.535477,1600,459.825607
-93.056334,85,459.897179
-11.159335,1600,461.109461
-94.371571,142,461.229295
-92.117575,102,461.310217
-91.622088,115,461.401996
-10.183608,1600,463.14497
-91.932583,104,463.233624
-91.948567,102,463.320095
-11.242858,1600,464.532036
-12.345721,1600,465.734004
-92.514825,97,465.812991
-91.557581,113,465.902645
-91.851721,109,465.99324
-94.670911,134,466.124359
-10.587612,1600,467.460954
-92.218179,106,467.560898
-13.758608,1600,468.861242
-10.725371,1600,471.001723
-93.002268,92,471.166279
-92.069807,106,471.350779
-94.41494,107,471.566106
-93.319803,93,471.746221
-94.305299,120,471.953323
-93.306354,80,472.097323
-92.612487,93,472.256271
-93.277853,82,473.540416
-91.637084,111,473.756425
-91.789491,103,473.95255
-93.646876,89,474.114672
-92.009767,100,474.310206
-10.830643,1600,477.086864
-92.09544,105,477.303093
-92.380004,97,477.486301
-10.472145,1600,480.410942
-94.117441,128,480.633526
-93.711438,79,480.792268
-92.300971,100,481.061405
-92.525642,96,481.225961
-93.543384,82,481.376434
-91.695019,111,481.561945
-92.839807,89,481.728964
-92.52935,98,481.893705
-92.890258,91,482.047199
-91.94352,105,482.218218
-91.773888,110,482.401001
-93.346866,86,482.542942
-92.894493,90,482.696692
-12.053424,1600,485.092373
-93.386067,87,485.234299
-91.997369,105,485.410646
-92.767126,90,485.568312
-94.255973,126,485.779836
-93.451889,81,485.921505
-92.730549,96,486.108779
-10.69422,1600,487.547176
-92.089963,106,487.634984
-10.453401,1600,489.514709
-92.371494,93,489.598235
-14.618716,1600,490.849468
-91.911206,105,490.93698
-92.292512,96,491.020494
-94.06931,128,491.124885
-91.820428,110,491.212512
-92.004348,108,491.300956
-11.063465,1600,492.546
-92.634621,95,492.626268
-91.915509,109,492.719824
-9.840292,1600,493.999736
-94.431684,114,494.094487
-92.925116,88,494.170299
-10.89065,1600,495.397869
-94.859311,84,495.464464
-92.342779,101,495.546279
-92.177004,103,495.630074
-9.825045,1600,496.850346
-94.296869,114,497.499983
-94.479909,107,497.58508
-92.760524,92,497.663268
-91.487555,115,497.75937
-94.500432,110,497.848559
-92.034674,107,497.936891
-92.749531,93,498.014347
-92.800548,88,498.086647
-10.953893,1600,499.298293
-91.679492,108,499.383506
-91.951653,101,499.466239
-91.762627,108,499.554832
-92.281405,104,499.640024
-94.945464,90,499.714704
-93.13747,90,499.788207
-94.935096,83,499.858571
-11.31043,1600,501.138713
-92.151543,107,501.228648
-92.656599,94,501.313086
-91.995003,112,501.405119
-93.69215,82,501.476197
-94.891525,97,501.557165
-91.846781,110,501.661491
-92.625036,97,501.759554
-92.553204,91,501.833038
-94.273306,131,501.935481
-92.709156,93,502.012206
-92.525512,93,502.090169
-93.487275,88,502.16493
-91.933826,105,502.246406
-93.466611,81,502.315106
-11.025873,1600,503.52513
-13.205265,1600,504.733384
-94.514491,105,504.816983
-92.808654,88,504.895162
-91.975908,104,504.980465
-92.016902,107,505.06863
-92.516781,94,505.14701
-91.524523,109,505.236433
-91.75041,114,505.329263
-94.27425,114,506.043177
-92.038405,99,506.125083
-92.741793,93,506.20406
-92.34604,104,506.289804
-92.122728,100,506.369594
-92.288777,95,506.448694
-91.669187,114,506.537433
-94.286782,116,506.630952
-92.243805,104,506.715377
-91.666655,105,506.796777
-92.491491,96,506.875122
-92.085409,96,506.953836
-91.932179,110,507.045602
-92.87315,89,507.119447
-92.890495,89,507.188574
-93.516725,82,507.260818
-92.530091,93,507.337433
-94.150128,104,507.420205
-92.569962,97,507.501977
-91.914425,111,507.595076
-92.318481,104,507.679129
-94.981486,110,507.772751
-92.86747,86,507.847421
-92.25906,104,507.939653
-92.194712,106,508.028839
-9.072388,1600,509.255783
-91.712316,107,509.34539
-94.20471,102,509.42548
-91.887009,107,509.512229
-92.272441,103,509.595565
-92.226078,105,509.681478
-91.87752,106,509.765938
-92.02335,108,509.850194
-92.696476,91,509.924384
-92.5221,95,510.002041
-92.024207,100,510.08118
-91.790031,105,510.161817
-94.840768,80,510.227953
-91.944693,106,510.317731
-92.42869,97,510.404271
-91.933327,105,510.486578
-92.75938,92,510.564147
-92.276872,101,510.666763
-93.062469,90,510.748975
-94.323653,115,510.848609
-91.687846,113,510.941082
-92.067414,107,511.039033
-94.920685,92,511.118914
-91.889957,105,511.205667
-93.256311,81,511.2745
-92.191991,101,511.356452
-13.139676,1600,512.651155
-91.653163,108,512.739629
-94.331564,110,512.827692
-93.195462,87,512.903416
-94.30765,112,512.994412
-92.17564,102,513.077785
-92.209735,100,513.15968
-91.85596,110,513.246975
-11.656303,1600,515.153032
-93.347657,81,515.219786
-93.200296,89,515.292822
-92.61991,93,515.366256
-91.747689,111,515.454048
-92.01701,109,515.54211
-91.890063,101,515.624365
-91.608962,115,515.715913
-92.361276,96,515.791126
-92.62089,93,515.868939
-92.046765,111,515.965389
-92.968327,85,516.03742
-91.972888,109,516.123053
-93.544282,80,516.190051
-93.095728,90,516.273228
-92.290995,99,516.369958
-11.470743,1600,517.622729
-92.256623,94,517.695845
-91.936867,106,517.780351
-92.066916,102,517.862905
-92.454676,99,517.943972
-91.650941,108,518.026164
-92.164483,105,518.109914
-91.7997,110,518.197321
-10.955135,1600,519.489801
-94.372566,98,519.574991
-91.837291,110,519.669878
-91.726825,112,519.764586
-93.856513,107,519.854234
-10.986345,1600,521.096207
-92.393911,104,521.184815
-10.179163,1600,522.416733
-91.538604,110,522.50429
-9.895396,1600,524.351385
-94.331413,117,524.449034
-94.278947,120,524.542342
-91.948172,104,524.62513
-94.372197,120,524.719543
-91.746216,103,524.801136
-92.462627,93,524.876998
-91.915006,100,524.957565
-9.027756,1600,526.145329
-91.567688,113,526.235347
-9.563765,1600,527.405627
-92.583725,100,527.485948
-92.401647,96,527.564899
-92.272181,106,527.65139
-93.431609,79,527.718394
-91.83798,100,527.800434
-92.232768,104,527.896853
-92.798674,89,527.967855
-92.342534,95,528.045683
-92.343293,102,528.128127
-93.173271,90,528.201127
-92.41488,98,528.278348
-91.92697,113,528.369302
-92.255749,105,528.453526
-92.98616,86,528.52885
-92.189841,105,528.610805
-91.777567,110,528.696767
-92.210875,101,528.776527
-92.132771,98,528.85604
-92.027562,104,528.93666
-91.852755,103,529.026044
-91.987177,97,529.106608
-91.933744,107,529.211598
-91.688191,113,529.300472
-91.999886,99,529.380863
-92.181649,95,529.456637
-91.973963,98,529.536487
-92.093052,106,529.621391
-92.493072,93,529.697972
-91.541879,109,529.786195
-92.548474,93,529.863754
-92.119156,98,529.943853
-91.362854,108,530.031393
-91.716926,106,530.115968
-91.628112,111,530.212311
-91.587993,110,530.308637
-92.060583,103,530.39448
-91.992334,105,530.480803
-91.880114,109,530.575041
-94.634726,96,530.659324
-91.589181,109,530.755264
-91.651066,110,530.841842
-91.433588,110,530.933277
-92.280887,96,531.019288
-94.283703,109,531.114202
-91.563903,117,531.212335
-93.099608,83,532.002592
-92.159036,106,532.088301
-91.931452,103,532.173567
-92.247289,102,532.256815
-91.933192,102,532.339975
-92.765443,91,532.411542
-92.10345,101,532.493121
-92.150708,107,532.580104
-92.939769,88,532.65145
-91.837688,106,532.738875
-92.069845,100,532.81918
-94.010842,106,532.905644
-91.524214,115,532.999181
-91.446024,110,533.088423
-91.696841,111,533.175116
-92.391712,95,533.253586
-91.982874,105,533.337841
-91.926882,105,533.423079
-93.117694,87,533.494989
-91.846667,106,533.580024
-92.064933,102,533.662867
-92.304417,91,533.738075
-92.241296,100,533.817383
-92.236621,101,533.897521
-93.380328,86,533.968242
-91.970642,101,534.053211
-91.791435,104,534.133984
-91.946905,101,534.21806
-92.076515,109,534.30591
-93.772871,83,534.379145
-91.59422,106,534.474464
-92.051542,103,534.558405
-94.221962,119,534.660192
-92.864862,93,534.736404
-91.459475,111,534.828262
-91.933999,105,534.916126
-91.852983,104,535.002035
-91.996847,99,535.079534
-92.018505,109,535.167661
-92.112439,107,535.255459
-92.490149,88,535.329628
-91.910565,104,535.412148
-92.462301,102,535.494794
-92.084271,107,535.580791
-92.744873,92,535.656404
-92.181472,96,535.733577
-91.903123,102,535.816462
-92.28913,95,535.895025
-91.951759,110,535.983236
-92.168308,104,536.067386
-92.302798,96,536.142196
-91.897087,108,536.229675
-92.308389,94,536.306257
-94.009698,77,536.368191
-91.44041,113,536.458604
-95.004683,85,536.529353
-91.975163,103,536.612564
-92.020189,107,536.697924
-91.60239,110,536.781329
-91.992733,104,536.868185
-91.912231,108,536.960265
-91.725341,110,537.052034
-91.829014,105,537.138426
-92.275514,96,537.214452
-91.917497,105,537.299249
-92.14255,99,537.380731
-92.249554,103,537.463093
-92.189342,103,537.551411
-92.380398,99,537.629807
-91.946499,105,537.716994
-92.47258,97,537.796704
-92.181047,99,537.876735
-91.889429,105,537.965079
-91.966046,100,538.044182
-91.64347,112,538.132681
-91.84009,106,538.219785
-91.948195,102,538.302765
-92.122176,103,538.38651
-91.894761,105,538.467895
-92.077654,105,538.55236
-92.124603,106,538.637366
-92.056656,100,538.719809
-92.002564,109,538.804424
-91.916832,105,538.889679
-91.926197,107,538.976188
-91.88739,104,539.061481
-91.624907,110,539.149797
-91.725869,104,539.239363
-92.082337,109,539.336692
-91.490696,117,539.435099
-92.622716,91,539.509941
-92.173998,104,539.593528
-91.590387,106,539.67881
-91.990203,105,539.761023
-91.915596,108,539.848197
-91.439914,111,539.938508
-91.675053,108,540.025301
-91.910905,101,540.104994
-92.882985,87,540.848089
-92.17399,97,540.922939
-91.654749,106,541.013214
-92.192844,101,541.094088
-13.684653,1600,542.330098
-92.680365,90,542.404663
-92.297957,95,542.484875
-92.361072,94,542.562884
-91.814021,102,542.646808
-92.297674,99,542.725011
-92.158023,97,542.802781
-92.045167,99,542.883412
-92.182059,102,542.966262
-93.974497,73,543.02776
-92.396368,97,543.108481
-11.321336,1600,544.278326
-92.171792,103,544.364413
-92.185928,100,544.45306
-92.273502,97,544.53439
-92.39442,94,544.611695
-92.089528,97,544.690695
-93.282415,83,544.762395
-92.329509,98,544.838662
-92.007363,100,544.919929
-92.031282,104,545.006262
-92.499596,94,545.084779
-92.391742,93,545.160305
-93.210144,85,545.234481
-92.493797,88,545.306388
-92.418774,97,545.382591
-93.410756,88,545.454252
-94.475739,83,545.523625
-92.926043,87,545.591835
-91.665567,99,545.672531
-93.118958,84,545.745747
-92.551037,92,545.820759
-91.848804,101,545.901824
-93.054977,83,545.973702
-92.23972,95,546.051864
-92.870554,86,546.122554
-92.036782,101,546.207846
-92.814759,88,546.280929
-92.113476,100,546.362532
-11.435675,1600,547.589211
-92.298756,92,547.668634
-92.154453,96,547.747375
-92.205737,96,547.820964
-92.453681,88,547.894112
-91.668528,103,547.985108
-92.113634,97,548.066452
-92.294007,97,548.142707
-92.325792,93,548.218244
-92.135786,97,548.297283
-93.145921,87,548.368332
-92.224602,99,548.447694
-92.596663,94,548.528017
-92.714486,91,548.603091
-92.215363,97,548.683428
-92.719492,93,549.376597
-92.427968,89,549.455456
-91.909234,104,549.54164
-92.498751,90,549.614497
-92.025051,100,549.696349
-94.275499,114,549.785536
-92.196392,99,549.868597
-92.280896,98,549.950993
-92.122928,98,550.02805
-92.170268,101,550.113897
-92.093497,102,550.22073
-92.343186,96,550.29808
-91.821286,100,550.38018
-92.21466,99,550.457798
-92.58858,92,550.535354
-93.672763,78,550.6052
-92.54743,94,550.679411
-92.477267,92,550.757661
-92.348974,93,550.83416
-92.10973,99,550.917719
-92.130929,96,550.993582
-92.208256,97,551.074539
-94.30955,128,551.188322
-92.416449,93,551.271929
-93.135095,86,551.348666
-92.063353,100,551.433089
-92.630293,92,551.509862
-92.140326,100,551.601118
-92.523364,94,551.684426
-92.177935,101,551.776992
-94.081661,110,551.868916
-92.424521,88,551.94048
-92.301455,98,552.032038
-91.723859,100,552.118223
-92.016397,102,552.206862
-92.711052,91,552.28601
-91.96453,104,552.369112
-92.148366,100,552.453788
-92.218919,99,552.545927
-93.430731,83,552.620669
-92.313268,95,552.695469
-92.271579,96,552.774914
-92.791509,91,552.849708
-92.002066,105,552.932205
-93.042313,87,553.002933
-92.166537,98,553.084369
-94.528329,197,553.238743
-91.83752,104,553.321962
-93.509419,88,553.396923
-92.122354,104,553.48003
-92.440453,94,553.555267
-93.143092,85,553.625514
-92.479784,94,553.706065
-92.274595,101,553.788
-92.422323,96,553.868729
-92.274441,95,553.944522
-92.193029,99,554.026427
-92.523248,95,554.103662
-92.487112,94,554.186955
-92.239484,96,554.263421
-91.634492,100,554.346711
-91.81852,103,554.434085
-92.139211,96,554.514357
-93.372687,85,554.58294
-92.072023,98,554.664066
-92.341304,94,554.739797
-92.141687,96,554.819632
-92.629669,88,554.88984
-93.428552,88,554.963781
-92.10204,102,555.046003
-92.240607,97,555.122458
-92.705239,90,555.200516
-92.65405,93,555.278842
-93.494259,81,555.349021
-92.257349,94,555.433303
-92.347557,93,555.510707
-9.090903,1600,556.766872
-93.482692,79,556.833245
-93.236867,82,556.898176
-94.100539,78,556.964741
-93.560905,78,557.036831
-94.241067,130,557.147483
-93.22885,83,557.21533
-9.764361,1600,559.004168
-93.060926,91,559.079183
-91.912494,105,559.164927
-93.648619,82,559.232184
-92.879509,86,559.307277
-93.345745,104,559.401457
-94.179032,156,559.547307
-92.959554,84,559.616672
-95.052445,129,559.717589
-93.239116,79,559.781086
-9.68458,1600,561.019994
-92.966199,87,561.090711
-93.278048,84,561.164392
-10.310495,1600,562.436814
-93.275453,82,562.50152
-93.387337,80,562.56947
-93.911141,131,562.675032
-92.927238,90,562.747236
-93.693043,77,562.814979
-93.308107,82,562.887699
-94.066025,81,562.95319
-93.513742,85,563.022503
-93.512581,79,563.087465
-94.310236,116,563.179032
-93.296179,85,563.246618
-92.31205,93,563.329236
-93.303851,83,563.405449
-93.814552,81,563.47433
-94.294164,75,563.539666
-93.504087,79,563.609417
-92.995972,87,563.689961
-92.267038,94,563.770262
-10.111241,1600,564.988517
-92.607009,88,565.058462
-93.874283,78,565.127987
-93.170285,94,565.204931
-93.66402,80,565.271998
-92.838876,87,565.345525
-94.119849,84,565.417173
-92.588541,90,565.488271
-93.353568,86,565.560319
-93.274819,87,565.635848
-93.325318,85,565.706305
-92.97509,86,565.780763
-93.07788,83,565.851901
-9.981296,1600,567.691036
-93.685956,81,567.769249
-93.043632,91,567.849181
-93.014576,90,567.922948
-94.00998,77,567.995012
-93.362323,85,568.067259
-93.959153,78,568.130735
-93.026417,85,568.201163
-93.215577,89,568.270965
-92.585424,90,568.344557
-92.85351,85,568.415474
-93.001542,89,568.487441
-92.869227,91,568.559968
-93.254419,81,568.628927
-94.009606,90,568.698797
-93.136176,90,568.773753
-93.262864,84,568.842266
-93.181131,84,568.908259
-92.691421,92,568.982631
-92.045307,97,569.063124
-93.625071,78,569.124238
-92.582863,88,569.19894
-93.301822,85,569.278383
-93.064957,89,569.376173
-93.416526,80,569.463412
-93.275744,84,569.575496
-94.183789,126,569.696415
-92.491315,92,569.773268
-93.301867,81,569.894404
-93.219388,86,569.988038
-93.57944,78,570.056445
-93.256977,82,570.129569
-92.208083,94,570.207234
-94.040805,134,570.309525
-10.666479,1600,571.554653
-93.258119,87,571.63022
-93.623213,82,571.699543
-92.454707,98,571.777884
-93.386088,85,571.851936
-92.609512,91,571.931369
-93.381319,79,571.995611
-93.605288,79,572.065882
-92.61964,90,572.146473
-92.341727,96,572.226656
-92.538558,93,572.303751
-9.675194,1600,573.540329
-93.140154,84,573.60841
-92.403708,94,573.684098
-93.095773,86,573.755362
-93.148723,88,573.825453
-11.52769,1600,575.586413
-92.692394,88,575.659425
-94.062333,76,575.719591
-92.76476,90,575.795376
-93.51395,85,575.866007
-92.987907,88,575.934574
-93.709357,80,576.003277
-92.588043,91,576.075071
-94.726374,98,576.151682
-93.390972,86,576.225231
-93.373431,80,576.289845
-93.639945,84,576.358242
-94.564264,113,576.448588
-93.641684,83,576.51746
-92.459311,90,576.589255
-93.035044,86,576.663075
-94.305592,115,576.753596
-95.098214,137,576.857967
-92.98101,90,576.929159
-93.481314,78,576.993034
-92.525407,95,577.071896
-93.421474,102,577.150493
-93.415444,98,577.227254
-92.414859,92,577.37086
-91.503202,105,577.463986
-92.72332,89,577.534789
-92.736631,87,577.607672
-93.258639,82,577.672246
-91.93796,98,577.751133
-93.91284,131,577.854627
-93.16758,88,577.927448
-92.753822,86,577.997226
-92.946213,86,578.066118
-92.095944,93,578.143487
-93.133199,88,578.213406
-93.06959,87,578.284126
-93.309957,81,578.353462
-92.943972,89,578.426133
-92.043909,100,578.505549
-93.407514,86,578.578128
-92.48042,94,578.654891
-92.591536,87,578.720846
-92.811778,90,578.798273
-92.887939,90,578.873499
-92.387593,95,578.94986
-94.29607,81,579.018048
-92.083399,98,579.109881
-92.309322,94,579.1851
-92.26117,95,579.258903
-92.83867,90,579.334179
-92.621,94,579.414555
-92.205856,97,579.491501
-92.137069,100,579.570593
-92.241381,96,579.657514
-92.310642,93,579.747723
-92.057215,93,579.822751
-93.011478,87,579.892007
-91.866501,103,579.980345
-92.334993,95,580.060703
-91.66531,105,580.145044
-92.231168,102,580.227584
-92.312123,96,580.308118
-92.104664,97,580.3884
-92.0765,100,580.467344
-92.4634,92,580.538498
-92.058154,99,580.622768
-91.75054,116,580.7178
-92.455499,91,580.79484
-92.398884,94,580.868827
-92.396148,96,580.946296
-93.325383,82,581.015982
-93.946752,76,581.075494
-92.318902,94,581.153789
-92.007486,99,581.236958
-93.839073,80,581.301606
-92.146472,119,581.393314
-92.629866,94,581.470922
-92.485135,90,581.544346
-91.693768,98,581.619516
-93.068921,86,581.692717
-92.23432,96,581.769423
-92.183076,97,581.847436
-92.723827,86,581.916772
-92.138497,106,582.002528
-92.182748,94,582.078054
-93.041113,88,582.146719
-92.292582,99,582.228312
-92.424255,93,582.305382
-93.048554,85,582.371163
-92.217287,96,582.45188
-92.333017,92,582.527577
-92.363682,94,582.602181
-93.584146,84,582.671543
-92.305997,95,582.748583
-91.975863,100,582.826418
-92.980777,88,582.895924
-93.032992,83,582.966428
-92.311928,90,583.04041
-92.103709,99,583.117079
-92.107725,99,583.199008
-92.340016,93,583.276861
-92.392571,93,583.346467
-92.633375,92,583.423873
-92.078666,93,583.503337
-93.305745,83,583.573855
-92.202308,93,583.647463
-92.405923,91,584.275947
-92.36353,94,584.356509
-92.298868,93,584.432722
-91.469557,124,584.530282
-93.022184,82,584.594838
-92.647185,91,584.671392
-93.771094,76,584.734045
-92.499664,91,584.807342
-92.224445,98,584.89018
-92.095047,102,584.97219
-93.529257,77,585.032885
-93.218181,82,585.104015
-92.022411,107,585.190745
-92.952593,90,585.263508
-91.840752,105,585.352709
-92.955538,86,585.427729
-92.963397,84,585.498578
-92.037398,107,585.582283
-93.437452,83,585.653313
-92.821672,86,585.725728
-91.977617,93,585.800713
-92.894445,87,585.871856
-92.803885,89,585.94581
-92.062182,101,586.028731
-92.315469,94,586.101647
-92.461334,93,586.181392
-92.461594,91,586.257377
-93.000346,92,586.330512
-92.230032,96,586.407576
-91.522571,111,586.496461
-93.164788,89,586.569238
-92.586374,90,586.64076
-92.261989,94,586.719842
-92.028337,100,586.804113
-91.784001,100,586.898045
-91.453899,108,587.002633
-93.123787,83,587.075197
-91.553239,114,587.168851
-93.435157,86,587.244904
-93.045212,83,587.318076
-92.638652,90,587.394887
-92.827917,91,587.478732
-91.976186,106,587.569431
-92.173134,98,587.650037
-92.079972,100,587.732657
-92.605591,90,587.80281
-93.513789,83,587.878487
-94.224916,127,587.978422
-94.040783,76,588.040711
-92.787186,85,588.110065
-11.192762,1600,589.295344
-93.52371,80,589.381899
-8.869171,1600,590.765126
-10.593635,1600,592.336425
-93.528415,81,592.400988
-93.560771,85,592.470775
-94.473051,149,592.595184
-93.329626,81,592.669753
-93.15689,81,599.861973
-92.60032,97,599.944002
-92.940224,90,600.016503
-93.589345,78,600.080584
-9.967353,1600,601.182211
-93.494072,122,601.273368
-94.135299,126,601.36757
-94.347049,110,601.45679
-94.26099,73,601.515971
-93.324476,83,601.59516
-94.780426,93,601.679686
-93.435398,85,601.74438
-94.330372,110,601.82799
-93.947765,78,601.890515
-92.807514,90,601.95709
-93.92142,99,602.032895
-93.829187,92,602.10618
-93.635104,76,602.163914
-94.678911,117,602.251589
-93.682142,82,602.315864
-93.943117,75,602.372201
-94.472519,111,602.455344
-11.212424,1600,603.713008
-94.15344,74,603.7711
-93.635707,80,603.83807
-93.566429,82,603.90802
-9.767364,1600,605.132734
-11.071621,1600,606.394018
-93.827494,74,606.456222
-93.187048,82,606.520854
-92.230468,93,606.597687
-93.977022,79,606.665622
-93.437167,82,606.731738
-11.693475,1600,616.466494
-93.210299,88,616.539887
-94.58445,120,616.636694
-94.148572,116,616.733692
-92.093549,96,616.816629
-95.50915,133,616.926618
-94.293605,137,617.039507
-94.247689,105,617.126379
-93.99183,79,617.195338
-93.720953,79,617.263502
-11.512874,1600,618.634456
-11.412522,1600,619.946897
-11.337725,1600,621.201133
-13.27362,1600,622.462239
-93.711404,100,622.543962
-94.108996,86,622.611783
-93.39791,83,622.681852
-92.834265,84,622.74882
-93.362931,87,622.818221
-93.615064,81,622.885982
-93.179305,83,622.952356
-93.619103,130,623.052118
-94.77168,94,623.127943
-93.693322,76,623.193425
-94.004399,86,623.259412
-93.805069,81,623.328881
-94.566107,130,623.430637
-94.284305,118,623.52378
-94.321431,128,623.626444
-93.360732,85,623.695999
-94.84719,104,623.777871
-94.152852,88,623.85158
-93.583301,77,623.915554
-93.816036,144,624.025974
-94.03258,78,624.0893
-94.573459,82,624.158237
-93.100641,89,643.93014
-93.867688,79,644.115748
-93.653477,86,644.282935
-94.277803,112,644.535901
-10.736935,1600,647.651617
-93.114019,88,647.790175
-93.765343,164,648.106754
-93.606188,105,648.283969
-93.933316,113,648.473559
-12.970689,1600,651.714156
-92.905256,86,651.867507
-10.240235,1600,654.47682
-94.47008,139,654.729264
-93.414541,79,654.87581
-93.224262,81,655.010937
-93.310776,80,655.154209
-93.586605,92,655.344715
-93.368964,79,655.470268
-93.314917,80,655.59493
-93.661918,83,655.726275
-93.264229,82,655.854425
-94.004276,91,656.00084
-94.255174,201,656.299315
-93.549188,78,656.427839
-94.405787,107,656.589907
-93.513797,87,656.725652
-94.283048,113,656.898879
-93.373149,86,657.031985
-93.18537,93,657.175952
-94.227804,85,657.316241
-93.422261,80,657.442942
-93.667866,82,657.594825
-94.499102,104,657.782177
-93.105038,87,657.922884
-93.705672,82,658.062229
-93.358101,81,658.194913
-11.078262,1600,660.737381
-93.971694,85,660.885368
-92.275068,96,661.08837
-92.984736,90,661.23802
-93.859087,74,661.3593
-92.389592,98,675.962656
-94.131441,75,676.090618
-93.921495,76,676.219014
-93.956599,124,676.427516
-94.469542,121,676.623452
-93.444791,80,676.756809
-10.535254,1600,679.346581
-8.967633,1600,681.888079
-93.218908,81,682.021049
-94.153966,77,682.149505
-93.303877,81,682.292907
-92.580419,87,682.440062
-94.170849,87,682.582649
-93.129538,84,682.725463
-93.181096,89,682.868203
-93.353592,85,683.008785
-92.919846,87,683.15632
-92.956579,90,683.304755
-92.118224,99,683.467586
-93.378193,80,683.604426
-92.748681,87,683.749886
-91.966814,97,683.907809
-93.579475,84,684.051932
-92.35666,94,684.204359
-94.321532,112,684.393472
-93.459456,82,684.534169
-93.084443,86,684.680684
-93.355251,82,684.81443
-93.592205,79,684.943885
-92.405593,94,685.095921
-93.139192,104,685.266343
-92.939636,84,685.408174
-93.033847,88,685.555838
-93.951867,74,685.679988
-92.07173,98,685.836001
-92.817256,89,685.987529
-93.5237,80,686.119428
-93.365922,84,686.256399
-93.266972,87,686.416086
-93.275177,86,686.56542
-93.693348,81,686.697969
-94.404492,143,686.936891
-92.421796,91,687.100187
-93.160644,86,687.248837
-93.328477,81,687.486235
-92.564497,97,687.672656
-94.246451,125,687.795739
-93.06085,88,687.884947
-92.823685,84,687.971955
-92.909368,89,688.062179
-93.490922,79,688.130799
-93.55836,79,688.207913
-93.990611,77,688.277339
-93.266153,84,688.368362
-92.699301,94,688.456181
-93.265817,81,688.528299
-93.566133,81,688.596871
-94.63436,108,688.713739
-92.612869,90,688.790105
-93.538464,81,688.853494
-93.38332,81,688.924742
-93.841167,90,688.999503
-9.623355,1600,690.856821
-9.978732,1600,692.118809
-92.553399,92,692.200602
-93.325558,82,692.271955
-93.199649,83,692.341804
-93.228646,87,692.414497
-93.971994,74,692.477493
-92.751964,88,692.556173
-92.717758,89,692.638811
-93.440084,79,692.712524
-93.840163,82,692.788476
-93.2892,81,692.853749
-93.237093,82,692.924514
-93.41501,78,692.989209
-93.357198,80,693.057849
-93.177497,81,693.123712
-94.08251,76,693.183928
-93.55647,85,693.26119
-92.84715,87,693.333243
-92.738636,90,693.405012
-93.16514,86,693.478673
-93.38045,82,693.553204
-93.799296,116,693.649985
-92.946734,87,693.719367
-93.057527,88,693.791723
-94.489514,184,693.939968
-92.917308,90,694.019444
-93.34808,85,694.094315
-93.105307,88,694.172279
-93.303445,80,694.240824
-93.395721,86,694.319762
-93.184628,85,694.397824
-93.504563,83,694.477758
-94.413091,73,694.54822
-92.362575,98,694.630281
-92.708791,90,694.708821
-94.369499,87,694.785961
-94.526915,69,694.849214
-93.78534,79,694.917047
-93.052113,90,694.991348
-94.306658,138,695.118897
-92.673173,90,695.196734
-93.163161,87,695.283233
-93.039382,83,695.361287
-94.231257,108,695.463496
-93.008365,83,695.533686
-93.913571,79,695.601324
-93.192884,84,695.673171
-93.09048,86,695.746364
-93.175579,81,695.814505
-93.809633,124,695.922169
-92.541148,89,696.00606
-93.210127,88,696.098789
-93.1267,88,696.190293
-93.189897,81,696.272219
-92.886731,84,696.358463
-93.887935,83,696.435309
-93.913739,78,696.503608
-93.477498,85,696.598104
-92.547358,89,696.671306
-94.429613,138,696.78237
-93.346483,86,696.855828
-93.676867,119,696.950748
-92.969119,85,697.020115
-93.17882,87,697.098769
-93.008062,86,697.177488
-93.866905,74,697.243442
-93.546443,81,697.329513
-10.534289,1600,698.622495
-92.587398,96,698.696768
-92.598932,92,698.775214
-93.923206,84,698.84889
-93.119241,85,698.928569
-91.971142,105,699.015423
-92.159245,101,699.11409
-92.263184,98,699.1927
-92.822363,91,699.269954
-92.906354,85,699.341608
-93.358546,86,699.965999
-92.315984,98,700.048414
-93.21658,82,700.119741
-92.530605,89,700.191159
-92.869097,85,700.261474
-93.016967,83,700.330825
-93.743592,82,700.399229
-92.194907,96,700.482806
-93.737863,83,700.555994
-92.278493,97,700.637827
-92.10834,98,700.7138
-92.439614,91,700.791518
-93.070534,84,700.862838
-92.324487,91,700.934584
-93.04646,89,701.00747
-93.080393,85,701.080883
-92.385008,95,701.15863
-92.773188,88,701.231779
-92.460254,95,701.311681
-92.899845,85,701.382176
-92.641213,92,701.458775
-92.375661,102,701.543184
-92.496971,91,701.617716
-92.66996,87,701.689776
-93.214692,82,701.762646
-93.170355,83,701.849925
-92.384562,95,701.927324
-93.157805,83,701.992379
-92.596506,89,702.065042
-93.00364,84,702.134086
-93.257792,83,702.199298
-92.672214,86,702.270332
-93.305106,88,702.344346
-93.746129,84,702.410985
-93.42584,80,702.48062
-93.922038,79,702.576193
-93.665862,87,702.646624
-93.253962,84,702.719714
-93.236606,86,702.79247
-93.088089,88,702.861464
-93.076616,84,702.932275
-91.871124,102,703.017633
-92.689264,90,703.095759
-93.138628,88,703.166804
-92.45547,92,703.24279
-92.232221,100,703.325997
-92.331247,95,703.399306
-92.583761,93,703.475234
-92.098509,105,703.568683
-93.043634,90,703.652963
-93.33552,81,703.719872
-93.531635,79,703.792561
-92.339137,91,703.893632
-93.192945,83,703.993319
-92.332607,98,704.089527
-94.132774,74,704.161839
-92.80197,90,704.237716
-92.801326,89,704.315341
-92.157597,97,704.402356
-93.630147,82,704.473584
-94.44177,127,704.577005
-93.060284,90,704.654364
-92.148676,95,704.740583
-92.226252,93,704.81923
-93.320828,85,704.888088
-93.317029,87,704.96195
-92.197404,95,705.040912
-93.591465,85,705.121856
-92.881005,86,705.196629
-93.039483,84,705.279159
-92.232304,98,705.373032
-93.580867,75,705.446545
-92.752289,88,705.526523
-93.062951,83,705.60593
-10.973854,1600,706.954489
-92.592883,88,707.027019
-93.31878,86,707.097329
-93.802116,107,707.18358
-93.285583,81,707.251213
-92.427422,94,707.325398
-93.596033,78,707.39061
-93.84946,80,707.458201
-93.85789,76,707.518814
-93.097755,84,707.591532
-93.4111,82,707.655017
-92.858769,88,707.726752
-93.14708,88,707.798263
-92.921842,86,707.866105
-93.259801,89,707.940962
-92.315129,95,708.018597
-93.251915,82,708.083438
-92.55637,92,708.15833
-93.448059,80,708.225145
-92.479647,91,708.298064
-93.387066,86,708.369228
-93.512353,86,708.989751
-92.885744,85,709.06005
-91.981436,107,709.143301
-92.328532,96,709.220358
-92.693565,89,709.293824
-91.79229,107,709.384161
-92.812108,94,709.468288
-93.503925,86,709.54149
-92.837461,88,709.61532
-93.476734,80,709.681308
-12.038281,1600,710.972787
-92.308505,97,711.062813
-91.445993,108,711.151782
-92.617617,90,711.228742
-93.743374,112,711.325173
-93.085206,84,711.397371
-93.248793,86,711.466794
-92.349479,94,711.55919
-92.014259,100,711.659118
-92.341331,97,711.74102
-92.889632,90,711.821539
-93.445634,85,711.918047
-92.937837,84,711.991519
-93.823756,78,712.056347
-92.239925,96,712.138547
-92.579211,88,712.210735
-93.863417,78,712.279056
-93.312124,85,712.357342
-93.42852,78,712.418177
-93.403683,87,712.490806
-93.268284,81,712.557867
-93.899057,79,712.623132
-93.281718,82,712.690918
-93.022948,85,712.761155
-92.684058,88,712.829271
-92.078662,94,712.913249
-93.20391,86,712.986804
-92.530282,90,713.06085
-92.182713,99,713.156455
-92.825749,88,713.22833
-92.461483,92,713.302944
-92.463089,93,713.376988
-92.255356,97,713.460107
-92.727944,90,713.534012
-91.887433,101,713.628851
-92.141076,101,713.722362
-92.860866,88,713.790643
-92.051455,98,713.870448
-92.373072,99,713.950703
-92.779714,89,714.020996
-91.996833,107,714.10865
-93.370365,86,714.180094
-91.710704,176,714.313184
-93.25477,83,714.38454
-93.003105,91,714.461535
-92.629339,90,714.533792
-92.408911,92,714.620823
-92.311847,98,714.705343
-92.424533,90,714.780952
-92.211652,105,714.861713
-92.847,86,714.931556
-92.910558,86,715.002634
-92.954767,85,715.068603
-93.645921,85,715.138118
-92.396722,94,715.218017
-92.909006,87,715.28595
-93.403812,83,715.355127
-92.396823,92,715.432256
-92.618808,90,715.512079
-92.196884,95,715.586403
-94.331833,80,715.653882
-93.485006,84,715.725756
-92.61377,91,715.796981
-92.652479,89,715.880569
-93.255958,85,715.982388
-93.211242,86,716.072944
-92.500099,92,716.210397
-92.929337,85,716.335921
-92.930884,88,716.444404
-92.348851,92,716.534361
-93.018081,88,716.687595
-92.784378,87,716.79774
-92.593315,93,716.874696
-93.599932,75,716.942663
-92.347518,91,717.015655
-93.08435,85,717.08192
-92.386248,92,717.159948
-92.804066,89,717.231004
-92.2979,90,717.303161
-93.395808,86,717.374448
-91.922726,97,717.452565
-92.681248,87,717.520429
-92.478211,87,717.592927
-92.636823,91,717.667226
-92.443386,92,718.492247
-92.740173,87,718.568829
-93.471429,86,718.644189
-93.372272,81,718.717234
-92.713223,91,718.799159
-93.298322,86,718.874122
-92.542313,91,718.949248
-93.66237,81,719.018463
-93.429684,84,719.090767
-91.740464,115,719.190829
-93.388492,91,719.263567
-92.971137,88,719.338589
-93.016305,84,719.412805
-93.374158,87,719.492132
-93.623034,81,719.563367
-92.97084,85,719.639653
-92.823744,86,719.711842
-92.607975,96,719.791738
-93.336856,84,719.867609
-92.90815,86,719.944737
-92.04068,96,720.073338
-92.451246,93,720.242516
-11.640997,1600,721.495031
-92.514967,90,721.576978
-93.482701,81,721.655992
-92.670648,92,721.731908
-93.432276,79,721.802368
-93.198985,81,721.871979
-93.040866,83,721.941259
-92.08604,98,722.031632
-92.210452,94,722.113371
-93.21098,87,722.183261
-93.075057,88,722.250234
-92.233842,94,722.330615
-92.824748,87,722.410912
-92.552224,89,722.490211
-93.127762,84,722.557643
-93.106133,83,722.628222
-92.656143,88,722.702671
-92.546584,95,722.777381
-91.753308,123,722.882945
-92.688039,86,722.972444
-92.345641,96,723.052476
-93.406687,79,723.120136
-92.683882,91,723.197111
-92.817848,87,723.278017
-93.445842,78,723.351738
-92.907099,86,723.433078
-92.854453,94,723.515148
-92.380497,92,723.600026
-92.953632,89,723.683464
-93.006353,86,723.764356
-93.847192,79,723.833718
-92.140544,107,723.925122
-92.68814,92,724.009911
-93.28604,81,724.092056
-93.337202,79,724.346505
-92.590781,94,724.460953
-93.019853,86,724.553679
-92.856478,86,724.634939
-93.944361,78,724.712403
-93.690095,128,724.841598
-92.594212,91,724.919205
-95.924121,115,725.016146
-93.427321,81,725.092309
-93.969552,91,725.175387
-93.5615,84,725.254573
-92.635436,89,725.336923
-93.603606,83,725.407064
-92.252935,96,725.485238
-92.426121,94,725.560191
-9.577791,1600,726.801904
-93.056665,92,726.874586
-92.205532,99,726.953447
-94.357819,119,727.057243
-93.837573,79,727.128044
-95.023303,81,727.194489
-95.022066,81,727.86455
-93.164775,85,727.9972
-94.775841,86,728.081365
-93.8378,88,728.15774
-8.525445,1600,729.403793
-8.129954,1600,730.731623
-92.580239,91,730.821953
-92.800951,89,730.896977
-93.590864,80,730.97018
-92.452869,93,731.047999
-92.865158,88,731.124215
-94.852619,84,731.190624
-92.315027,94,731.274927
-92.481489,90,731.349399
-94.464012,118,731.445332
-94.196197,149,731.575851
-8.038248,1600,732.859167
-92.682625,85,732.932876
-92.029703,105,733.021366
-91.596261,110,733.107842
-93.629212,78,733.179355
-8.876612,1600,734.590375
-92.998053,84,734.66215
-92.098774,99,734.74692
-92.352201,87,734.821972
-92.225111,98,734.899944
-94.173797,118,734.993507
-92.521579,86,735.065991
-92.136973,96,735.144712
-94.429442,178,735.285493
-9.514649,1600,737.045267
-93.262958,82,737.11227
-93.39168,108,737.198735
-9.323386,1600,738.424204
-92.091873,98,738.500125
-93.327625,78,738.565815
-92.072707,96,738.645904
-92.770492,92,738.715333
-93.592148,112,738.805341
-94.235816,106,738.891247
-92.903063,85,738.96002
-94.251283,118,739.049324
-93.942624,80,739.114195
-91.991648,99,739.195052
-9.353264,1600,740.393661
-8.862874,1600,741.629526
-9.177705,1600,742.835017
-92.74591,91,742.911216
-92.235406,98,742.990022
-92.59176,89,743.059404
-92.356074,91,743.135504
-93.033653,85,743.204182
-8.298339,1600,744.866637
-94.254064,160,744.99403
-12.104921,1600,746.196459
-93.21035,86,746.268934
-7.513078,1600,747.500018
-9.034098,1600,748.746867
-92.206738,96,748.826746
-93.409821,87,748.900755
-93.505632,83,748.966424
-92.924982,85,749.039
-92.621049,87,749.105447
-92.038609,100,749.190575
-92.656984,89,749.265991
-92.580086,89,749.33838
-92.102778,92,749.409942
-92.148476,92,749.48831
-92.930782,85,749.56026
-92.050344,97,749.639672
-8.835586,1600,750.87115
-94.845525,149,750.98808
-92.798666,88,751.087486
-93.81339,82,751.151607
-93.115504,90,751.226641
-92.0798,97,751.307092
-94.308445,136,751.418314
-95.760776,94,751.496579
-92.983452,88,751.573343
-91.682747,106,751.655052
-91.833559,98,751.737791
-93.259524,85,751.808784
-10.130085,1600,753.603614
-93.1296,90,753.673288
-92.730011,90,753.746307
-92.199302,96,753.823024
-93.485698,76,753.893073
-94.238423,142,754.006928
-93.366077,80,754.075372
-93.220131,85,754.145884
-92.811517,89,754.214187
-95.031218,84,754.284966
-94.864729,93,754.379455
-92.564445,93,754.455422
-92.002379,98,754.536203
-92.740836,88,754.620127
-92.022816,96,754.70123
-92.09547,97,754.778354
-11.828958,1600,756.095834
-93.289716,80,756.158356
-93.273985,80,756.226143
-94.096913,86,756.297615
-92.362578,95,756.371511
-92.350452,96,756.453688
-93.383132,79,756.527918
-92.381657,95,756.603447
-93.226157,85,756.672454
-95.083408,91,756.746429
-93.113368,84,756.815203
-91.762283,105,756.900445
-92.173763,96,756.984942
-9.003401,1600,758.238298
-92.019164,98,758.343533
-92.479276,99,758.427791
-92.679642,92,758.499645
-91.792164,97,758.578543
-92.605383,89,758.651924
-92.094291,98,758.728602
-92.154999,104,758.808902
-93.396727,83,758.875839
-92.007454,98,758.950133
-91.981267,102,759.029335
-92.078035,97,759.111134
-92.181175,101,759.193335
-91.959745,94,759.285406
-94.512957,107,759.365261
-92.761865,88,759.434669
-92.848343,87,759.513737
-92.181522,97,759.601921
-92.577513,94,759.678425
-91.645023,116,759.766463
-92.237094,97,759.847882
-92.788614,91,759.920695
-92.320298,96,760.009563
-92.572511,98,760.083786
-92.386749,96,760.162713
-92.52126,102,760.256858
-92.913563,86,760.325576
-91.942565,104,760.410526
-92.399712,96,760.493372
-93.341837,87,760.562503
-92.16442,98,760.654182
-92.153515,101,760.732757
-92.382492,94,760.808679
-92.547775,92,760.902331
-92.23461,97,760.98512
-92.662975,93,761.064143
-92.061118,99,761.14512
-92.078615,103,761.231184
-92.044825,96,761.311718
-91.9388,103,761.393165
-92.131804,101,762.050197
-91.93518,102,762.130166
-92.367359,95,762.214267
-92.261905,97,762.310608
-91.517395,102,762.414371
-92.442634,96,762.493111
-10.745198,1600,763.692039
-93.451792,81,763.759045
-92.420348,92,763.827975
-92.231645,93,763.905408
-91.973202,100,763.982568
-93.162906,88,764.056407
-92.701182,95,764.139921
-92.839639,89,764.225407
-92.612038,99,764.310495
-92.311909,101,764.402087
-92.517835,101,764.497236
-92.308023,95,764.580186
-92.536121,98,764.670361
-92.527331,97,764.750443
-92.736884,91,764.821489
-92.644739,94,764.898856
-92.101553,102,764.982803
-92.43503,92,765.063734
-93.126144,88,765.138982
-92.641535,92,765.217213
-92.902141,90,765.294473
-92.362948,97,765.372753
-92.055787,99,765.462333
-91.539444,103,765.540535
-92.159047,99,765.620316
-91.967908,95,765.707692
-92.376647,100,765.78607
-92.341534,97,765.860779
-92.363662,99,765.944293
-92.539064,92,766.024894
-93.143906,81,766.090144
-92.304097,97,766.170691
-92.151668,97,766.251256
-91.725029,96,766.327239
-92.174825,101,766.415633
-92.653204,89,766.493253
-92.288081,96,766.573383
-92.26494,95,766.655248
-92.170299,99,766.739141
-92.128483,100,766.822313
-92.468465,93,766.904043
-92.199477,94,766.986286
-92.114988,98,767.063863
-92.313824,92,767.13223
-92.271259,100,767.21748
-91.886493,106,767.301996
-91.934588,97,767.377484
-92.254243,97,767.460127
-92.152691,92,767.547763
-93.461377,86,767.633849
-92.44247,97,767.727858
-92.1662,99,767.805976
-92.206847,94,767.914322
-92.265209,97,767.991567
-92.951084,84,768.061543
-93.224927,86,768.139795
-92.389369,94,768.212092
-93.220523,88,768.284735
-92.751545,86,768.365447
-92.567651,87,768.443062
-92.227692,103,768.531913
-91.948466,103,768.627085
-93.212237,88,768.696962
-92.560979,91,768.773006
-91.948863,104,768.852099
-91.76054,104,768.93767
-92.420313,93,769.023921
-92.320223,98,769.120215
-92.602543,90,769.192016
-92.19388,102,769.270999
-93.280632,82,769.340893
-92.221503,94,769.426025
-92.569529,91,769.507256
-92.898745,86,769.578077
-92.504591,92,769.655886
-91.892772,102,769.731548
-92.909697,91,769.830834
-92.384383,89,769.921897
-91.520489,102,770.014367
-92.516776,94,770.093469
-94.126881,87,770.176895
-91.763586,104,770.263626
-91.919932,107,770.348223
-92.347168,99,771.043892
-92.377598,97,771.133599
-92.225858,105,771.223114
-92.534472,95,771.30024
-91.799747,121,771.410157
-92.251678,111,771.507694
-92.942689,85,771.587086
-93.176006,87,771.682959
-92.111759,100,771.777921
-91.680364,132,771.889616
-92.560617,97,771.967057
-92.494532,94,772.043241
-92.581492,94,772.148618
-92.091019,163,772.314796
-92.222751,112,772.413232
-92.460414,97,772.509463
-92.899793,89,772.578888
-92.059049,108,772.667215
-92.011514,137,772.77225
-91.677335,110,772.863973
-92.064255,124,772.962359
-92.421707,92,773.036058
-92.169626,106,773.121674
-92.930985,93,773.196659
-92.462074,93,773.274274
-91.69798,110,773.363532
-92.36776,100,773.435816
-93.118248,84,773.508181
-15.880258,1600,774.746977
-92.233409,115,774.838024
-92.302535,96,774.92376
-92.791867,89,774.998674
-118.613875,107,775.084142
-92.183379,103,775.161033
-92.385652,91,775.235257
-92.576125,92,775.309969
-92.160233,102,775.391268
-92.849481,87,775.462872
-92.041125,116,775.556409
-92.873367,88,775.635786
-92.168177,104,775.715048
-92.286824,97,775.792224
-92.281847,105,775.878351
-93.476898,79,775.9411
-92.552215,93,776.010888
-92.045364,123,776.123333
-93.310864,89,776.197404
-92.385549,100,776.276678
-91.925842,122,776.375262
-92.530102,96,776.447632
-92.715602,89,776.534326
-92.919402,88,776.609503
-92.182099,135,776.714403
-93.520994,86,776.781447
-91.955504,125,776.875571
-92.54088,97,776.956428
-92.564222,93,777.078855
-92.22419,100,777.203383
-92.127932,99,777.330111
-92.356869,99,777.413932
-93.203326,87,777.485586
-92.481839,90,777.563892
-92.377512,102,777.667548
-92.97093,89,777.74884
-92.312278,99,777.858959
-92.371666,99,777.9369
-92.225425,93,778.014502
-92.25591,97,778.093461
-93.289475,102,778.172312
-93.070051,86,778.245982
-92.537865,100,778.330575
-92.263401,93,778.411718
-92.244108,108,778.491985
-93.51788,85,778.56367
-92.02538,100,778.644366
-92.097723,105,778.72623
-92.2328,101,778.804875
-93.174542,88,778.874593
-93.220611,86,778.942505
-92.570978,93,779.017508
-91.720593,125,779.112406
-92.549769,91,779.187404
-93.041151,83,779.26054
-92.808415,88,779.328455
-93.269185,88,779.401421
-92.288875,98,780.094405
-93.139829,87,780.162935
-92.499787,98,780.238035
-92.539641,99,780.316037
-93.361963,88,780.384258
-91.701189,102,780.467374
-91.932946,119,780.703963
-10.777348,1600,781.979178
-92.532752,92,782.060656
-92.231051,105,782.153649
-91.911812,115,782.253456
-93.156484,81,782.324735
-92.501218,94,782.403161
-92.483983,100,782.493537
-92.275989,106,782.602412
-92.170453,105,782.695907
-92.505139,99,782.86283
-92.808055,91,782.976673
-92.38198,102,783.089197
-92.907288,87,783.171523
-92.451838,91,783.258926
-92.718798,94,783.341202
-91.702581,154,783.47865
-92.598685,95,783.5585
-93.048952,86,783.626343
-92.19021,102,783.715548
-92.561946,94,783.790811
-93.178987,102,783.876597
-92.82477,86,783.94679
-92.314487,106,784.027657
-118.793594,104,784.116174
-92.519543,92,784.195404
-91.619582,138,784.366513
-92.702171,90,784.470121
-92.114106,102,784.563822
-92.035134,107,784.66254
-92.63702,88,784.743343
-93.21575,88,784.852204
-92.16637,97,784.964926
-92.278159,105,785.052829
-92.278114,102,785.147403
-93.008932,87,785.232311
-91.947273,114,785.356674
-10.326514,1600,786.720698
-93.415545,80,786.782
-92.310628,92,786.855836
-93.597377,82,786.925832
-93.729574,77,786.985723
-92.547136,90,787.060282
-92.340699,96,787.14249
-92.739541,93,787.213008
-93.397641,86,787.28955
-93.589648,77,787.356942
-93.239192,88,787.425228
-94.995785,87,787.495474
-92.948412,88,787.568434
-93.145772,81,787.631746
-92.55601,95,787.707537
-92.557918,92,787.779808
-93.776412,86,787.852677
-93.37558,87,787.92521
-91.730089,100,788.009918
-93.612302,88,788.086111
-93.860845,84,788.157473
-93.051794,84,788.234224
-93.484982,83,788.308187
-92.590056,92,788.385777
-94.427072,121,788.485216
-93.793,79,788.555423
-93.107002,83,788.626987
-94.425326,124,788.734659
-93.2602,84,788.820203
-92.891061,84,788.892737
-93.265363,84,788.970297
-93.399523,80,789.552336
-92.998681,91,789.636516
-93.067887,90,789.728584
-94.75749,85,789.798232
-93.393076,81,789.860678
-92.243986,94,789.964961
-92.761586,87,790.04577
-93.161196,83,790.143618
-93.981861,75,790.213202
-9.172323,1600,791.446895
-93.443441,78,791.515536
-94.581922,100,791.598336
-9.940439,1600,792.873423
-92.790777,92,792.941809
-92.983774,83,793.010932
-92.744017,89,793.079778
-92.525931,94,793.151133
-93.774052,135,793.2537
-93.986604,84,793.321749
-93.561963,80,793.380169
-92.696492,90,793.454219
-93.141776,89,793.524846
-94.371325,109,793.625466
-92.352687,98,793.698429
-10.528586,1600,794.95193
-92.646417,89,795.02497
-10.598893,1600,796.216741
-93.615767,77,796.28516
-9.714237,1600,798.157042
-94.855235,92,798.266586
-93.201638,84,798.335177
-93.475574,79,798.406556
-93.261409,89,798.481126
-93.065545,83,798.545332
-93.121462,83,798.617677
-94.833057,88,798.687056
-93.715357,79,798.751508
-93.299142,81,798.818812
-94.414214,118,798.913161
-94.969147,94,798.990533
-10.906128,1600,800.244161
-93.505075,82,800.314059
-93.07278,89,800.385092
-93.292906,86,800.453656
-92.546901,92,800.532712
-92.847903,91,800.611328
-93.826764,77,800.673884
-9.759726,1600,801.925597
-93.059956,90,801.998895
-93.311992,78,802.057791
-92.71035,86,802.129674
-94.563335,154,802.252183
-92.414891,91,802.326947
-93.241836,79,802.388016
-93.424746,82,802.453771
-94.097646,74,802.513558
-93.152922,90,802.591018
-92.247551,91,802.670849
-93.468063,89,802.744627
-92.880944,86,802.833771
-92.731994,90,802.909924
-94.055504,120,803.007742
-10.009921,1600,804.305092
-93.463851,79,804.378163
-93.121929,86,804.454468
-93.140992,83,804.531236
-9.541371,1600,805.91464
-92.987188,91,806.038043
-93.563621,89,806.112221
-93.074709,87,806.188185
-93.973046,77,806.264541
-93.440328,87,806.825286
-93.085059,87,806.899328
-92.506252,93,806.977218
-94.170349,75,807.041457
-93.23429,82,807.110592
-92.306441,95,807.188169
-92.154671,95,807.270227
-93.896561,78,807.336799
-93.652706,84,807.402505
-93.450218,85,807.470955
-93.266038,81,807.558886
-93.041147,87,807.641648
-91.973773,100,807.725136
-92.581506,90,807.802403
-9.954367,1600,809.11554
-93.044021,86,809.186193
-93.426423,119,809.357725
-92.994527,84,809.431517
-93.976881,76,809.502936
-92.497688,91,809.590035
-93.486537,104,809.681019
-93.162011,87,809.756323
-93.197787,87,809.834287
-93.376307,87,809.909923
-94.019858,85,809.979411
-92.929909,86,810.047164
-92.810956,87,810.122142
-92.698816,87,810.195482
-8.352259,1600,811.480497
-92.832631,88,811.552426
-92.195302,93,811.625958
-93.534501,77,811.691246
-92.279661,102,811.7731
-93.060013,89,811.838016
-92.442637,92,811.913063
-92.680882,92,811.983297
-92.415605,92,812.054787
-92.587568,93,812.130205
-92.367953,96,812.204833
-93.026368,88,812.272725
-93.477555,85,812.344655
-92.095935,104,812.427883
-93.299989,81,812.487032
-93.269373,82,812.554431
