#{"t_start": 1706063657.427649, "env_id": "InvertedDoublePendulumBulletEnv-v0"}
r,l,t
409.151008,44,0.684925
287.516339,31,0.699479
306.427771,33,0.722051
334.835287,36,0.751134
306.890707,33,0.772036
241.43149,26,0.782258
269.021323,29,0.792618
203.784271,22,0.801901
268.920101,29,0.817025
399.809855,43,0.833082
240.820313,26,0.84235
212.707085,23,0.851164
334.301947,36,0.866929
259.995379,28,0.87669
353.467065,38,0.894083
213.23099,23,0.903663
241.076235,26,0.917334
353.42195,38,0.931653
241.420076,26,0.94091
278.31882,30,0.952338
231.717433,25,0.964777
241.288332,26,0.973725
222.402744,24,0.986655
269.209849,29,0.997726
559.269315,60,1.022659
231.828802,25,1.032039
399.790791,43,1.046901
278.478293,30,1.05772
259.354902,28,1.070922
297.130473,32,1.083678
287.647958,31,1.100336
306.390539,33,1.112064
232.270665,25,1.125497
260.131076,28,1.136339
203.795138,22,1.144122
297.256928,32,1.156029
185.084201,20,1.166402
399.919438,43,1.182125
297.236913,32,1.193472
260.242715,28,1.207344
278.585618,30,1.222103
278.747886,30,1.233219
231.6925,25,1.242186
296.809291,32,1.254142
203.959221,22,1.264847
175.853987,19,1.272229
260.176845,28,1.282021
250.15857,27,1.292195
362.850837,39,1.309583
241.293488,26,1.323538
231.562786,25,1.333096
212.921324,23,1.341279
250.380952,27,1.354944
316.187432,34,1.36758
371.776684,40,1.38152
278.518764,30,1.392217
269.040172,29,1.40578
306.539912,33,1.417509
315.682171,34,1.430131
232.079116,25,1.44178
278.421406,30,1.456659
259.955897,28,1.467448
166.622352,18,1.474149
315.87023,34,1.488093
203.879357,22,1.501257
250.535102,27,1.511872
250.208101,27,1.522152
315.744066,34,1.534666
371.936551,40,1.55478
259.803774,28,1.564714
288.019494,31,1.575797
334.582581,36,1.588808
371.888,40,1.606432
241.514498,26,1.615821
231.91839,25,1.624845
260.17873,28,1.635766
268.633818,29,1.65301
381.102278,41,1.667884
175.844399,19,1.675178
474.946963,51,1.694005
297.595074,32,1.71102
363.290323,39,1.725797
203.651487,22,1.734517
334.811526,36,1.748229
343.776276,37,1.770005
240.807986,26,1.780216
259.628066,28,1.790629
222.671393,24,1.799471
306.496375,33,1.814408
381.49367,41,1.829373
241.245704,26,1.839198
287.957814,31,1.850465
250.451121,27,1.863814
334.6094,36,1.877368
212.862966,23,1.890585
390.101976,42,1.905814
288.297157,31,1.920069
296.953787,32,1.931158
353.263906,38,1.945035
175.979838,19,1.952354
259.840896,28,1.966848
231.852492,25,1.975504
296.828498,32,1.986974
287.884569,31,2.003192
315.725792,34,2.019481
306.097545,33,2.031247
241.160085,26,2.041607
297.24066,32,2.052874
418.493284,45,2.071485
222.356507,24,2.079538
306.310152,33,2.091791
259.989064,28,2.102109
278.302453,30,2.120648
213.146382,23,2.128719
231.665041,25,2.138411
343.672974,37,2.151708
324.715492,35,2.168328
400.171967,43,2.183588
231.952107,25,2.192623
194.621601,21,2.199928
324.511589,35,2.221494
287.844048,31,2.234001
241.088589,26,2.24362
306.36649,33,2.257504
203.688457,22,2.268594
333.923533,36,2.28153
334.256017,36,2.295348
287.746385,31,2.306675
372.053466,40,2.324709
185.513841,20,2.33506
222.536507,24,2.34406
231.761389,25,2.353585
315.82827,34,2.36954
269.310151,29,2.380671
353.073857,38,2.394152
213.289926,23,2.40234
353.220793,38,2.419818
259.615702,28,2.430152
260.004323,28,2.443279
278.662534,30,2.45484
212.993601,23,2.466741
361.806237,39,2.481521
409.401729,44,2.497434
278.583437,30,2.50816
212.990796,23,2.520329
194.546403,21,2.528229
259.294135,28,2.541776
334.487164,36,2.555263
269.504407,29,2.569276
344.10449,37,2.583193
278.233384,30,2.59399
315.731564,34,2.60636
203.680979,22,2.616973
241.085959,26,2.627171
231.753314,25,2.636151
231.736069,25,2.646821
296.861615,32,2.664397
334.882256,36,2.677275
353.25471,38,2.690379
437.342859,47,2.706104
353.219202,38,2.722245
278.743027,30,2.732576
185.002068,20,2.74107
315.750326,34,2.756695
371.242535,40,2.774185
446.723203,48,2.792095
259.969301,28,2.802836
306.426369,33,2.814764
288.050442,31,2.829661
306.561439,33,2.841124
194.305749,21,2.848894
213.154974,23,2.856921
297.443807,32,2.875594
334.673206,36,2.888993
203.804077,22,2.896993
474.444922,51,2.91633
269.311989,29,2.935391
278.646384,30,2.950732
259.300066,28,2.961892
343.905984,37,2.981014
297.391481,32,2.994877
232.075777,25,3.004451
343.802604,37,3.017668
315.421867,34,3.030015
333.914222,36,3.046652
269.140084,29,3.056565
344.087587,37,3.06955
250.577112,27,3.078972
362.743839,39,3.099634
334.91074,36,3.113217
241.724384,26,3.122595
296.966437,32,3.134417
250.538876,27,3.146977
521.24071,56,3.167645
381.558046,41,3.183255
297.43561,32,3.19501
259.555669,28,3.213635
596.329916,64,3.237554
437.661159,47,3.254322
250.355104,27,3.264286
231.982583,25,3.276843
241.262489,26,3.286456
250.521083,27,3.295756
231.958293,25,3.306594
250.249728,27,3.322888
213.316455,23,3.331654
184.93223,20,3.338875
213.301339,23,3.346968
325.230332,35,3.364608
484.425013,52,3.383162
409.664,44,3.399614
259.860817,28,3.409229
287.874333,31,3.428783
372.018278,40,3.443639
222.574813,24,3.453024
231.934632,25,3.461885
241.074018,26,3.474843
203.823759,22,3.48279
250.260413,27,3.492729
241.330736,26,3.50237
343.841938,37,3.518992
325.260994,35,3.530914
269.521199,29,3.546317
269.307193,29,3.556835
418.284649,45,3.575771
222.529803,24,3.585968
269.139279,29,3.595992
278.152642,30,3.608122
287.42179,31,3.623456
352.645441,38,3.637835
278.268774,30,3.651564
268.768889,29,3.662484
296.953218,32,3.677134
287.827034,31,3.68842
334.542731,36,3.701398
250.59912,27,3.710711
325.218819,35,3.727185
241.422622,26,3.736928
324.637342,35,3.74916
241.250957,26,3.760286
353.846331,38,3.779079
325.3457,35,3.792044
316.111142,34,3.80508
259.630734,28,3.814895
353.422266,38,3.833462
203.970633,22,3.841075
250.365957,27,3.850455
241.321982,26,3.859351
203.818012,22,3.87278
203.905479,22,3.880754
371.83612,40,3.895792
240.923827,26,3.906085
222.39646,24,3.919312
278.401528,30,3.9299
184.964432,20,3.937263
194.730396,21,3.944687
278.421811,30,3.959134
203.724888,22,3.96732
240.983365,26,3.981729
250.461832,27,3.99215
325.190239,35,4.007973
278.80732,30,4.018492
381.243854,41,4.033258
287.706101,31,4.044294
268.706866,29,4.058372
250.367831,27,4.068105
399.771627,43,4.082952
278.347687,30,4.098094
203.784841,22,4.108663
222.436112,24,4.117987
278.697219,30,4.128703
241.349067,26,4.138666
222.267907,24,4.150065
371.288163,40,4.165326
249.953791,27,4.17542
213.062769,23,4.183418
287.804515,31,4.197624
175.7486,19,4.204349
305.852612,33,4.220996
325.446826,35,4.234461
306.589572,33,4.250258
362.572274,39,4.265237
325.76355,35,4.27788
268.917703,29,4.28812
372.397231,40,4.30581
213.156104,23,4.314384
231.736858,25,4.326444
259.84053,28,4.336563
315.996103,34,4.352601
222.611216,24,4.361378
241.084772,26,4.370896
306.580927,33,4.383145
287.599462,31,4.398969
212.996653,23,4.407297
231.864009,25,4.416413
306.60593,33,4.430322
269.429597,29,4.446714
287.320528,31,4.457728
231.61242,25,4.466595
213.219246,23,4.474652
325.123163,35,4.491452
250.944561,27,4.501307
380.609048,41,4.515791
241.28051,26,4.524912
418.342053,45,4.548326
325.429563,35,4.560981
297.105552,32,4.572758
260.001664,28,4.583094
371.900151,40,4.601463
269.356144,29,4.61178
287.354559,31,4.623233
278.121505,30,4.633597
409.516954,44,4.6557
250.496801,27,4.665674
325.130459,35,4.678868
278.330176,30,4.689879
324.68347,35,4.705376
325.190842,35,4.71848
231.775367,25,4.727622
296.823883,32,4.739038
409.60982,44,4.76175
315.384208,34,4.774519
287.814734,31,4.785844
213.332203,23,4.794161
502.735831,54,7.10273
166.897783,18,7.379408
148.308211,16,7.614489
138.97558,15,7.832325
139.045221,15,8.062165
157.4338,17,8.318228
157.526431,17,8.568933
157.727733,17,8.822027
157.395781,17,9.073159
148.216575,16,9.317507
166.919705,18,9.59157
157.797352,17,9.839388
138.865541,15,10.068868
147.928562,16,10.305518
138.769077,15,10.522039
148.085918,16,10.757214
148.230487,16,11.001457
138.812718,15,11.220546
138.739855,15,11.437988
138.531229,15,11.655798
148.089123,16,11.899501
157.708964,17,12.143858
138.89554,15,12.365139
148.198652,16,12.597318
139.066295,15,12.821831
147.986185,16,13.053101
148.358941,16,13.298102
157.522992,17,13.545972
148.14915,16,13.784033
139.087697,15,13.999345
138.705595,15,14.215461
157.745727,17,14.461896
148.169717,16,14.700508
148.368213,16,14.933117
129.689563,14,15.135545
138.6883,15,15.354409
147.961252,16,15.590832
148.46465,16,15.852195
138.731839,15,16.072924
148.443812,16,16.31088
157.440934,17,16.569148
129.595981,14,16.780959
157.592095,17,17.042919
139.018041,15,17.274918
148.183912,16,17.524287
148.288748,16,17.76876
138.792531,15,17.99556
148.357883,16,18.246884
129.575324,14,18.466643
148.222017,16,18.713826
157.602681,17,18.971596
148.415555,16,19.214313
166.801584,18,19.495993
167.05649,18,19.768515
148.318098,16,20.017316
138.75022,15,20.24618
148.206873,16,20.497095
176.021621,19,20.828125
361.496453,39,21.463672
371.69003,40,22.145107
446.646064,48,22.989466
408.954841,44,23.713158
362.21794,39,24.341555
502.630735,54,25.191282
811.680251,87,26.599479
371.302696,40,27.228359
753.908182,81,28.513893
465.227369,50,29.301719
343.599587,37,29.897987
493.464397,53,30.734515
427.789396,46,31.473791
390.616236,42,32.13563
399.720083,43,32.820574
408.965158,44,33.528337
371.634697,40,34.158603
456.126977,49,34.931753
530.844417,57,35.865309
399.665776,43,36.586277
455.898952,49,37.390262
418.455393,45,38.114249
352.588777,38,38.743437
381.211041,41,39.401511
493.604088,53,40.2355
334.354733,36,40.807988
390.576051,42,41.482929
324.802042,35,42.033906
558.528206,60,42.98972
399.730127,43,43.677433
623.556157,67,44.745037
436.862541,47,45.507496
473.851568,51,46.37412
362.285359,39,47.008685
334.435873,36,47.621439
362.550386,39,48.23337
343.589857,37,48.799357
446.701005,48,49.529158
381.126965,41,50.163379
399.796096,43,50.823869
427.880339,46,51.57424
726.350894,78,52.855079
399.721758,43,53.577652
493.188178,53,54.434811
352.741374,38,55.033477
362.048259,39,55.649794
848.165208,91,57.12963
613.842745,66,58.173753
482.546688,52,58.997444
436.598682,47,59.859889
726.030636,78,61.063811
1034.74823,111,62.779555
791.441169,85,64.086947
547.92707,59,65.001378
800.584578,86,66.43678
557.337155,60,67.550932
1146.236721,123,69.510002
885.886025,95,70.966702
791.281868,85,72.283315
538.007612,58,73.169155
679.169282,73,74.385847
594.768889,64,75.36403
707.12946,76,76.554331
866.555648,93,77.974437
1286.960193,138,80.080871
1417.08858,152,82.524218
950.655982,102,84.106443
753.703131,81,85.382113
463.6407,50,86.1727
613.404777,66,87.251261
576.206452,62,88.353412
707.076093,76,89.556984
780.047673,84,90.957152
772.627686,83,92.355793
763.142213,82,93.735262
660.447228,71,94.990002
744.659444,80,96.305715
810.057903,87,97.78898
1213.025512,130,99.967104
1183.662298,127,102.147841
1268.788092,136,104.421754
726.081172,78,105.737757
698.245156,75,107.02049
1090.796534,117,109.040575
510.81425,55,109.908603
464.05155,50,110.695561
1109.955828,119,112.718681
857.250424,92,114.263956
623.024407,67,115.375772
520.239173,56,116.359064
754.09432,81,117.721063
510.775483,55,118.646014
548.422828,59,119.640359
754.075268,81,121.001628
548.298641,59,122.001959
557.458265,60,123.00514
473.345056,51,123.857216
1006.7509,108,125.621724
660.54414,71,126.774526
622.75205,67,127.888682
688.597906,74,129.0982
782.426111,84,130.460583
595.207988,64,131.51161
1399.914635,150,133.955042
791.84742,85,135.336511
801.044248,86,136.736204
632.589123,68,137.873395
932.150397,100,139.503745
679.605311,73,140.683735
782.601406,84,142.075032
801.092585,86,143.488945
482.734895,52,144.327238
782.103692,84,145.685419
941.130722,101,147.349563
520.157271,56,148.270097
782.084481,84,149.636933
772.96908,83,150.981858
463.853754,50,151.805293
632.251051,68,152.911038
510.67869,55,153.809434
904.017906,97,155.381793
763.715402,82,156.712382
707.674829,76,157.986416
482.289117,52,158.844891
576.328468,62,159.857752
838.353377,90,161.32029
604.561903,65,162.378786
660.862652,71,163.545732
454.147388,49,164.33879
510.442134,55,165.257673
763.113321,82,166.645137
538.655991,58,167.637802
678.826596,73,172.121955
997.960419,107,173.890993
688.492106,74,175.034871
772.613313,83,176.306374
548.299557,59,177.211845
1240.352965,133,179.286167
688.368028,74,180.480751
1025.064076,110,182.185484
576.27678,62,183.140593
978.32567,105,184.763524
529.714377,57,185.642878
473.235774,51,186.424316
1072.260893,115,188.216169
912.788941,98,189.729311
1118.275718,120,191.630404
894.523384,96,193.219391
810.095347,87,194.684156
594.743445,64,195.75118
866.240853,93,197.32121
997.766769,107,199.152486
875.394129,94,200.724164
1250.065062,134,203.006987
837.917562,90,205.057185
557.165737,60,206.286742
1446.172739,155,208.918979
903.553929,97,210.497138
857.151426,92,212.031922
772.450177,83,213.410466
1016.433039,109,215.231551
622.486312,67,216.356379
650.943779,70,217.535819
893.199011,96,219.17753
669.588164,72,220.394027
1147.417491,123,222.461117
969.54708,104,224.213603
1259.295401,135,226.622447
1839.984628,197,229.961269
547.759506,59,230.948318
744.355336,80,232.31663
491.847461,53,233.208736
1661.60437,178,236.200741
669.990491,72,237.409349
567.043857,61,238.478547
866.487555,93,240.184234
1015.160122,109,242.150187
744.092298,80,243.478782
1587.018347,170,246.339526
538.440463,58,247.311814
1174.838906,126,249.460829
716.614712,77,250.74431
791.518672,85,252.17354
997.311279,107,253.962417
1109.741361,119,255.906353
472.693636,51,256.741435
1259.072754,135,259.01445
1062.589796,114,260.77524
941.123754,101,262.356526
866.00881,93,263.791998
800.830871,86,265.115691
688.334827,74,266.254497
725.469427,78,267.453956
1044.371242,112,269.209566
922.231605,99,270.733942
1642.801356,176,273.462076
884.873873,95,274.921529
500.940436,54,275.75596
594.838353,64,276.775427
754.094114,81,278.056833
1165.797626,125,280.06312
1016.284769,109,281.80872
725.876974,78,283.120297
1072.011428,115,285.050772
1203.149355,129,287.209786
575.596591,62,288.244659
1287.710166,138,290.608464
575.986279,62,291.664667
753.73292,81,293.064595
1267.537819,136,295.345142
772.541031,83,296.750663
1398.98396,150,299.303218
753.937826,81,300.707218
613.322685,66,301.761589
801.040866,86,303.122347
1202.953691,129,305.171358
594.979752,64,306.18432
838.495318,90,307.798106
941.31254,101,309.570935
1109.651005,119,311.564838
1100.171365,118,313.555195
1016.076412,109,315.388553
753.684086,81,316.749521
735.419153,79,318.077739
1184.451426,127,320.259418
884.914576,95,321.903797
856.87519,92,323.436859
819.376144,88,324.914391
744.485665,80,326.252207
809.693858,87,327.771741
1305.268393,140,330.022384
819.269003,88,331.371887
847.676286,91,332.779911
940.98004,101,334.338589
969.143753,104,336.020047
1034.713131,111,341.72966
950.402569,102,343.286399
1015.73854,109,344.929604
950.302581,102,346.4553
773.312445,83,347.69237
1006.962419,108,349.422313
959.752221,103,350.975529
1380.457072,148,353.314387
641.407328,69,354.390338
931.69479,100,356.040167
1052.864121,113,357.902303
1176.062545,126,360.084844
613.813073,66,361.198358
538.465042,58,362.178462
1680.18998,180,365.194305
1006.809783,108,366.998795
838.252411,90,368.548199
688.633177,74,369.820176
922.327865,99,371.469732
866.292398,93,373.03494
1502.534587,161,375.783061
1661.902083,178,378.772742
837.536576,90,380.313928
865.797451,93,381.888263
931.746511,100,383.614612
884.929797,95,385.209922
698.359634,75,386.460871
1025.16481,110,388.315888
1137.758072,122,390.361021
856.169107,92,391.874827
1437.887099,154,394.39265
1231.227668,132,396.553381
977.969475,105,398.261201
875.439734,94,399.828153
894.13365,96,401.402471
950.009579,102,403.074151
1034.40834,111,404.906293
968.953497,104,406.599177
1118.637168,120,408.560801
1231.112339,132,410.737781
1061.748677,114,412.635952
865.805401,93,414.167078
1034.588513,111,415.984755
763.20796,82,417.330668
1016.085351,109,419.118258
1305.767314,140,421.357563
819.497425,88,422.769095
716.70247,77,423.963025
641.902542,69,425.025687
857.093984,92,426.44524
838.027392,90,427.827385
894.130169,96,429.330555
1211.627496,130,431.520951
641.503199,69,432.637983
838.523187,90,434.077125
819.154833,88,435.472314
800.343062,86,436.829048
1053.509917,113,438.627565
875.066392,94,440.14204
922.24718,99,441.719536
538.616233,58,442.6632
594.788379,64,443.771631
1071.575702,115,445.757284
959.278367,103,447.542113
1166.924161,125,449.692852
781.216989,84,451.176499
875.332316,94,452.812278
950.305094,102,454.59429
678.914665,73,455.846191
604.187256,65,456.948635
1175.073837,126,459.075722
1192.551646,128,461.245713
921.967771,99,462.911221
678.796126,73,464.143504
697.929782,75,465.401873
632.252265,68,466.54395
1015.696055,109,468.320439
782.313567,84,469.706479
828.465174,89,471.229647
519.544763,56,472.148859
922.152838,99,473.815999
782.340847,84,475.193472
641.568419,69,476.31595
613.39467,66,477.39777
623.288547,67,478.498207
987.80788,106,480.315393
660.62174,71,481.411875
753.955628,81,482.6712
753.904471,81,483.925066
809.939279,87,485.258924
875.433411,94,486.701183
828.999441,89,488.078532
828.799866,89,489.455389
1295.635719,139,491.611934
510.525045,55,492.455743
810.024274,87,493.81113
650.674711,70,494.885747
866.226449,93,496.320592
697.648738,75,497.506545
950.195226,102,499.136663
1082.285876,116,500.992074
594.660799,64,502.060754
856.779925,92,503.644669
650.916789,70,509.10456
1343.354597,144,511.523111
613.070997,66,512.611577
1221.789136,131,514.754706
772.519216,83,516.106872
940.646093,101,517.787065
1184.412984,127,519.800369
1165.82602,125,521.814039
1062.296015,114,523.637999
968.852239,104,525.296353
987.82663,106,526.977641
557.212343,60,527.927272
669.930538,72,529.090034
1053.141478,113,530.911452
1278.021475,137,533.126211
556.845228,60,534.112137
1145.128147,123,536.119566
1222.33336,131,538.26476
931.510208,100,539.993206
697.84342,75,541.273029
1315.32492,141,543.660251
1145.172839,123,545.727418
1268.706299,136,548.07468
1390.231405,149,550.577988
1268.616547,136,552.885979
707.346964,76,554.226737
1240.75113,133,556.426336
1324.620821,142,558.813426
1277.882448,137,561.198866
940.883457,101,562.839528
1782.857321,191,566.054814
510.07975,55,566.981613
1277.98014,137,569.372099
1155.644256,124,571.47802
1315.153569,141,573.862745
1221.485089,131,576.128252
1089.112965,117,578.093249
641.294953,69,579.230179
622.913864,67,580.329099
688.448443,74,581.555836
968.749495,104,583.250384
1128.04867,121,585.130196
1316.074502,141,587.294371
1801.405629,193,590.348842
697.50646,75,591.533223
1492.7721,160,594.029475
1090.419585,117,595.908278
603.856768,65,596.904495
1343.415503,144,599.252356
1145.995976,123,601.336002
847.456218,91,602.893378
969.079087,104,604.647195
1305.375489,140,607.070425
547.27948,59,608.009861
1689.736288,181,610.948595
2802.707537,300,616.044124
912.986148,98,617.694814
1791.032466,192,620.922797
1642.58345,176,623.98428
1184.34397,127,626.117685
3027.396914,324,631.575307
1707.339037,183,634.622567
594.669295,64,635.663525
1801.915757,193,638.811075
1614.288774,173,641.66079
1633.191912,175,644.562078
1146.667524,123,646.569554
3158.162645,338,652.109806
4131.863445,442,659.372776
1034.171226,111,661.215492
2428.744119,260,665.566135
1220.807528,131,667.74737
782.232659,84,669.132999
1969.476964,211,672.579164
1875.995246,201,680.831922
1604.318829,172,683.582589
1201.7716,129,685.498814
1296.420528,139,687.565503
1791.85995,192,690.443394
1314.725754,141,692.633228
1333.440078,143,694.9767
1436.561217,154,697.549653
1642.342132,176,700.526344
688.253773,74,701.763046
1819.584117,195,705.077595
1314.456736,141,707.442034
1576.604721,169,710.287313
913.236729,98,711.91198
997.666952,107,713.7293
1194.090881,128,715.819322
1969.151105,211,719.257472
2485.638303,266,723.608333
2428.883722,260,727.790798
1316.082066,141,729.972218
707.15688,76,731.138848
838.472033,90,732.628876
903.833068,97,734.244468
2382.347926,255,738.516806
1998.332021,214,742.107529
2176.295799,233,746.08718
2475.826583,265,750.539108
1652.522283,177,753.541786
1942.190061,208,757.031005
1895.701966,203,760.440245
1942.479941,208,764.008592
1727.333536,185,767.117462
2812.659279,301,772.074621
1568.294921,168,774.870769
1559.344971,167,777.593296
1689.695,181,780.689979
847.882135,91,782.094795
1548.893546,166,784.685936
1585.712315,170,787.396877
1194.119565,128,789.373203
1800.812071,193,792.348249
846.709742,91,793.890515
1362.405874,146,796.306238
1662.077736,178,799.28547
1315.989297,141,801.699927
1007.224686,108,803.479132
931.775946,100,805.096718
1596.569892,171,807.986176
1801.46102,193,811.166004
809.97336,87,812.624397
688.109915,74,813.913045
1390.735556,149,816.405977
1484.259182,159,819.010524
1100.467529,118,820.98391
566.105081,61,822.083705
1633.173384,175,825.044339
1942.855472,208,828.567356
1980.182427,212,832.176545
1706.409735,183,835.316104
1025.386872,110,837.198481
528.525631,57,838.15719
848.034007,91,839.695286
1680.285209,180,842.722503
1016.088828,109,844.592017
1774.664644,190,853.724853
931.875686,100,855.307249
1810.813646,194,858.347963
2850.121628,305,863.162115
1980.475958,212,866.42809
2392.240946,256,870.457153
1859.178647,199,873.703152
1006.832815,108,875.456485
1624.829873,174,878.094251
1961.84247,210,881.342895
1269.551538,136,883.620356
734.526801,79,884.98469
2158.222621,231,888.859928
1286.886478,138,891.165833
1595.666653,171,894.067763
1641.539995,176,897.044459
1642.332571,176,900.044964
1054.165898,113,901.943694
575.64882,62,902.99177
1690.780054,181,906.024663
1325.257955,142,908.336478
1053.267399,113,910.10439
1418.56441,152,912.450043
1445.922555,155,914.864297
951.108646,102,916.431334
1156.287786,124,918.338933
1352.432411,145,920.580428
1464.553204,157,923.105596
754.320711,81,924.45053
772.33724,83,925.764631
2879.563996,308,930.688853
1690.598481,181,933.619488
1567.252067,168,936.48259
1194.471089,128,938.626081
2690.733012,288,943.494833
1044.689585,112,945.428118
1090.907926,117,947.397012
1492.857308,160,950.084148
1399.257743,150,952.606718
725.596447,78,953.946617
744.404099,80,955.321629
1399.489801,150,957.831232
697.654443,75,959.10065
1286.803279,138,961.503674
641.268552,69,962.747124
1052.760455,113,964.748547
585.120715,63,965.840564
1165.636347,125,967.994651
1474.140736,158,970.514375
1980.2807,212,974.086383
1596.293276,171,976.990092
1997.5542,214,980.578353
1016.412651,109,982.404039
1203.000427,129,984.575602
1211.912668,130,986.725703
894.103063,96,988.292777
1389.912448,149,990.737303
613.326862,66,991.825799
491.934192,53,992.695971
1960.192448,210,996.17005
1427.016706,153,998.672876
1895.138895,203,1001.996306
1166.119451,125,1004.056239
1090.736786,117,1005.999723
1127.543927,121,1008.130599
1044.298441,112,1010.126707
1306.956448,140,1012.442148
1109.845127,119,1014.426674
922.535656,99,1021.163601
1438.021402,154,1023.482013
1352.409401,145,1025.669706
1416.117399,152,1028.026868
1306.154654,140,1030.137436
1006.926531,108,1031.75825
922.228086,99,1033.292592
978.518395,105,1035.039356
1015.957179,109,1036.84114
1062.502279,114,1038.7697
912.980603,98,1040.417585
782.182094,84,1041.856322
1520.996804,163,1044.566286
734.777095,79,1045.919606
1044.290631,112,1047.877998
1054.389565,113,1049.736909
912.700694,98,1051.383725
978.581436,105,1053.151533
1257.033228,135,1055.466362
725.439583,78,1056.748461
800.323959,86,1058.180398
951.532545,102,1059.897811
1194.215808,128,1062.180586
876.281702,94,1063.75506
772.401434,83,1065.124464
922.216393,99,1066.815357
800.415032,86,1068.267199
904.504784,97,1069.926545
922.23998,99,1071.506958
604.383076,65,1072.604149
1155.429003,124,1074.731412
1118.157075,120,1076.896293
1026.27427,110,1078.744442
1241.146313,133,1080.986456
612.508999,66,1082.110882
847.771429,91,1083.629923
1108.852229,119,1085.631399
706.835418,76,1086.913281
1510.147523,162,1089.55924
781.97255,84,1090.928344
800.370064,86,1092.329696
1088.01418,117,1094.259412
885.013317,95,1095.825463
893.612076,96,1097.419751
716.170612,77,1098.675309
847.700455,91,1100.163896
884.306152,95,1101.725233
976.756799,105,1103.440389
837.71964,90,1104.944063
1276.398972,137,1107.202941
781.964255,84,1108.578755
1071.520597,115,1110.507909
894.072197,96,1112.07322
959.894801,103,1113.750459
1165.260122,125,1115.803109
913.001725,98,1117.422598
1128.252695,121,1119.400029
857.204266,92,1120.889247
1024.575124,110,1122.69469
1370.927988,147,1125.100002
828.490204,89,1126.587839
1016.008106,109,1128.376993
735.419752,79,1129.67982
772.476944,83,1131.04778
687.841537,74,1132.277559
575.489052,62,1133.296004
1100.164381,118,1135.275718
941.610642,101,1136.992314
1501.861516,161,1139.719463
1296.677988,139,1142.056551
912.045825,98,1143.713238
781.705631,84,1145.128609
753.300014,81,1146.48293
921.973413,99,1148.166787
1034.354437,111,1150.038114
856.157319,92,1151.577528
1100.097952,118,1153.551412
930.970859,100,1155.233888
631.460997,68,1156.381711
753.772081,81,1157.769657
987.024861,106,1159.598915
706.781858,76,1160.86899
1025.367886,110,1162.718466
885.475657,95,1164.336082
884.368475,95,1165.96057
922.528122,99,1167.606303
668.996209,72,1168.793401
967.80372,104,1170.480082
884.83214,95,1172.039742
912.687697,98,1173.632348
865.83406,93,1175.162684
949.991585,102,1176.850893
734.775103,79,1178.14165
734.906024,79,1179.444103
500.924636,54,1180.327795
790.815185,85,1181.710479
951.005693,102,1183.381493
585.134189,63,1184.415132
997.162274,107,1189.211582
762.976028,82,1190.535644
734.591137,79,1191.828118
866.778811,93,1193.341094
1222.214999,131,1195.505558
828.417954,89,1196.962681
650.607556,70,1198.088978
753.312222,81,1199.394676
715.949817,77,1200.656062
650.606661,70,1201.708668
613.22617,66,1202.697621
753.370144,81,1203.973257
566.428139,61,1204.889902
828.683379,89,1206.228655
1015.961504,109,1208.061222
641.005151,69,1209.229707
688.029057,74,1210.481831
659.902044,71,1211.677012
1072.238354,115,1213.599247
679.218892,73,1214.829925
809.543049,87,1216.292292
762.875081,82,1217.696786
790.935091,85,1219.132602
1078.456484,116,1221.077854
894.074796,96,1222.71069
1156.167319,124,1224.847316
1016.451466,109,1226.682482
1006.769551,108,1228.519542
566.915101,61,1229.563387
538.509094,58,1230.535645
556.873107,60,1231.54749
987.544364,106,1233.329099
921.254822,99,1235.001978
1035.166501,111,1236.858315
987.839765,106,1238.664833
1305.614431,140,1240.989798
791.711033,85,1242.385733
1324.186638,142,1244.715575
528.704913,57,1245.648569
753.165489,81,1246.971479
1193.808332,128,1249.097477
1007.213094,108,1250.873852
1726.332108,185,1253.821582
979.001441,105,1255.459427
1335.173415,143,1257.682653
1399.731564,150,1260.103632
716.030255,77,1261.288181
1305.238243,140,1263.455899
969.865196,104,1265.067844
979.23693,105,1266.815875
1717.311488,184,1269.886096
801.085328,86,1271.334026
509.981003,55,1272.264418
1026.128938,110,1274.217863
2260.46395,242,1278.286127
969.960423,104,1280.033522
1147.279694,123,1282.12868
764.195051,82,1283.509256
1137.794253,122,1285.58989
1249.678654,134,1287.937468
1137.689209,122,1289.967002
1437.037384,154,1292.555596
2258.08363,242,1296.645683
2681.807284,287,1301.509506
1492.803168,160,1304.227288
773.271306,83,1305.619789
1634.426424,175,1308.60465
2635.066468,282,1313.381661
2392.009621,256,1317.592994
1500.94362,161,1320.120727
1344.223254,144,1322.386486
2579.108909,276,1326.638137
978.505646,105,1328.281235
988.039421,106,1329.928945
1277.882693,137,1332.040194
1483.575784,159,1334.679679
2410.158989,258,1339.042681
1260.426154,135,1341.304552
1678.853947,180,1344.335548
4271.269969,457,1352.062403
2267.023894,243,1366.069885
2258.487127,242,1369.913591
1800.562002,193,1372.749089
1473.251331,158,1375.13414
3131.469021,335,1380.433879
1127.132671,121,1382.4221
1063.461823,114,1384.239033
2523.231023,270,1388.526462
1062.706901,114,1390.312337
772.186077,83,1391.593146
1157.086601,124,1393.498797
1650.063553,177,1396.251709
1135.576086,122,1398.204285
1793.899364,192,1401.340734
4570.846598,489,1409.287352
1671.518186,179,1412.224762
1549.347943,166,1414.947382
1034.145719,111,1416.767213
6351.815189,679,1427.610041
1117.53796,120,1429.543142
1014.661815,109,1431.281289
1126.700977,121,1433.308093
1706.948117,183,1436.426231
1641.854775,176,1439.410605
2530.072467,271,1444.04062
1239.170007,133,1446.279416
3459.597536,370,1452.521323
1428.055298,153,1455.089611
1388.875536,149,1457.615133
1426.440003,153,1460.208324
1437.144844,154,1462.786755
941.234505,101,1464.498064
1388.536155,149,1467.043184
1323.374825,142,1469.485542
1407.841803,151,1472.070076
1145.162712,123,1474.14881
810.006222,87,1475.621194
1053.716814,113,1477.520661
1341.63518,144,1479.973875
1154.443636,124,1482.056405
1044.03499,112,1483.953014
1266.272103,136,1486.226913
1558.418283,167,1488.960541
997.437874,107,1490.737838
1520.575507,163,1493.413829
1126.622308,121,1495.406399
1191.578539,128,1497.53877
1163.652505,125,1499.8482
1135.567654,122,1501.797772
1417.870298,152,1504.155335
1583.204896,170,1506.919094
1154.247735,124,1508.868818
1631.030457,175,1511.636923
1499.953813,161,1514.294427
1032.987385,111,1516.05822
911.19997,98,1517.61327
1491.109097,160,1520.29167
1182.366789,127,1522.453631
1042.063535,112,1524.35456
1135.667526,122,1526.436368
